"contrast","session_id","estimate","SE","df","z.ratio","p.value","region"
"co_longi0 - co_longi1","ses-02A",-0.011139514258275,0.0031763460006406,Inf,-3.50702167082188,0.00131676129870972,"mr_y_smri__thk__dsk__bstmps"
"co_longi0 - co_longi2","ses-02A",-0.0100586251164527,0.00598372683546011,Inf,-1.68099670874752,0.212471680225528,"mr_y_smri__thk__dsk__bstmps"
"co_longi1 - co_longi2","ses-02A",0.00108088914182233,0.00605674902199443,Inf,0.17846028255376,0.982595654931414,"mr_y_smri__thk__dsk__bstmps"
"co_longi0 - co_longi1","ses-04A",0.000635105326433607,0.00352324359477913,Inf,0.18026154290743,0.98224572304469,"mr_y_smri__thk__dsk__bstmps"
"co_longi0 - co_longi2","ses-04A",0.00989270373448407,0.00645183458983935,Inf,1.53331639190868,0.275282499955521,"mr_y_smri__thk__dsk__bstmps"
"co_longi1 - co_longi2","ses-04A",0.00925759840805046,0.0064721197771097,Inf,1.43038119300454,0.325217281826185,"mr_y_smri__thk__dsk__bstmps"
"co_longi0 - co_longi1","ses-06A",0.00519537778240322,0.00350030512183235,Inf,1.48426425742095,0.298465232081848,"mr_y_smri__thk__dsk__bstmps"
"co_longi0 - co_longi2","ses-06A",0.0121814588162426,0.00610582405102305,Inf,1.99505565742622,0.113392275304416,"mr_y_smri__thk__dsk__bstmps"
"co_longi1 - co_longi2","ses-06A",0.00698608103383938,0.00603632030118602,Inf,1.15734100996376,0.478827129372576,"mr_y_smri__thk__dsk__bstmps"
"co_longi0 - co_longi1","ses-02A",-0.0124939983701154,0.00381259547123704,Inf,-3.27703226433869,0.00301262478110165,"mr_y_smri__thk__dsk__cac"
"co_longi0 - co_longi2","ses-02A",-0.0219767429545728,0.0071818024909228,Inf,-3.06005950210265,0.006264782227001,"mr_y_smri__thk__dsk__cac"
"co_longi1 - co_longi2","ses-02A",-0.00948274458445745,0.00726921626510394,Inf,-1.30450714886275,0.392618954062382,"mr_y_smri__thk__dsk__cac"
"co_longi0 - co_longi1","ses-04A",-0.00178789107582796,0.00423218466788347,Inf,-0.422451101766807,0.906326332679857,"mr_y_smri__thk__dsk__cac"
"co_longi0 - co_longi2","ses-04A",-0.0108140946993815,0.00774943859926808,Inf,-1.39546814402824,0.34324532404263,"mr_y_smri__thk__dsk__cac"
"co_longi1 - co_longi2","ses-04A",-0.00902620362355351,0.0077736716023305,Inf,-1.16112489506857,0.476529536251617,"mr_y_smri__thk__dsk__cac"
"co_longi0 - co_longi1","ses-06A",-0.0048203610776825,0.00420291148104751,Inf,-1.14690996929612,0.485179409275874,"mr_y_smri__thk__dsk__cac"
"co_longi0 - co_longi2","ses-06A",-0.00775534838785629,0.00732848540429802,Inf,-1.05824709472819,0.540108522055394,"mr_y_smri__thk__dsk__cac"
"co_longi1 - co_longi2","ses-06A",-0.00293498731017379,0.00724433885184662,Inf,-0.405142190363672,0.913507306660964,"mr_y_smri__thk__dsk__cac"
"co_longi0 - co_longi1","ses-02A",-0.02701929277185,0.00267381531599426,Inf,-10.1051454863863,0.0000000000000314193115968919,"mr_y_smri__thk__dsk__cmfrt"
"co_longi0 - co_longi2","ses-02A",-0.0260116272090012,0.00504738768435091,Inf,-5.15348311556264,0.000000765416033110533,"mr_y_smri__thk__dsk__cmfrt"
"co_longi1 - co_longi2","ses-02A",0.00100766556284871,0.00511308687354278,Inf,0.197075775900227,0.978816363277099,"mr_y_smri__thk__dsk__cmfrt"
"co_longi0 - co_longi1","ses-04A",-0.0127146775525904,0.00292588361708058,Inf,-4.34558554494967,0.000041299631611813,"mr_y_smri__thk__dsk__cmfrt"
"co_longi0 - co_longi2","ses-04A",-0.000933101592871122,0.00537255541754843,Inf,-0.173679286736313,0.983508009069621,"mr_y_smri__thk__dsk__cmfrt"
"co_longi1 - co_longi2","ses-04A",0.0117815759597193,0.00539368335664861,Inf,2.18432844137885,0.0738556254128886,"mr_y_smri__thk__dsk__cmfrt"
"co_longi0 - co_longi1","ses-06A",-0.00556774018667767,0.00292483718972581,Inf,-1.90360687638809,0.137619077087342,"mr_y_smri__thk__dsk__cmfrt"
"co_longi0 - co_longi2","ses-06A",0.00215038087502352,0.00514609464540455,Inf,0.417866561576711,0.908251961024505,"mr_y_smri__thk__dsk__cmfrt"
"co_longi1 - co_longi2","ses-06A",0.00771812106170119,0.00509991910528216,Inf,1.51338107573261,0.284567325714528,"mr_y_smri__thk__dsk__cmfrt"
"co_longi0 - co_longi1","ses-02A",0.00911339839826799,0.00278926510876555,Inf,3.26731165482557,0.00311623493991486,"mr_y_smri__thk__dsk__cn"
"co_longi0 - co_longi2","ses-02A",0.00755303995282851,0.00527763207436908,Inf,1.43114181632896,0.324830500069714,"mr_y_smri__thk__dsk__cn"
"co_longi1 - co_longi2","ses-02A",-0.00156035844543948,0.0053508285716763,Inf,-0.291610621521117,0.954206853547111,"mr_y_smri__thk__dsk__cn"
"co_longi0 - co_longi1","ses-04A",0.0171970614820994,0.00302196966429472,Inf,5.69067971968306,0.0000000379317726117989,"mr_y_smri__thk__dsk__cn"
"co_longi0 - co_longi2","ses-04A",0.0205529831254537,0.00556819755647976,Inf,3.69113755698843,0.000653510288692871,"mr_y_smri__thk__dsk__cn"
"co_longi1 - co_longi2","ses-04A",0.00335592164335425,0.00559634356253295,Inf,0.599663263317476,0.820283152678867,"mr_y_smri__thk__dsk__cn"
"co_longi0 - co_longi1","ses-06A",0.0185090868304273,0.00303075315305792,Inf,6.10709150355988,0.00000000304296032815898,"mr_y_smri__thk__dsk__cn"
"co_longi0 - co_longi2","ses-06A",0.0217890857234279,0.00537471654228765,Inf,4.05399718329216,0.000148910900531374,"mr_y_smri__thk__dsk__cn"
"co_longi1 - co_longi2","ses-06A",0.00327999889300059,0.00533967871171358,Inf,0.614268960753257,0.812316031982975,"mr_y_smri__thk__dsk__cn"
"co_longi0 - co_longi1","ses-02A",-0.00914679262843615,0.00572559241570024,Inf,-1.59752772540263,0.24667111895256,"mr_y_smri__thk__dsk__er"
"co_longi0 - co_longi2","ses-02A",-0.0139861069996213,0.0107858564181206,Inf,-1.29670806447267,0.397004259138138,"mr_y_smri__thk__dsk__er"
"co_longi1 - co_longi2","ses-02A",-0.00483931437118512,0.0109173744776223,Inf,-0.443267232529618,0.89737320166763,"mr_y_smri__thk__dsk__er"
"co_longi0 - co_longi1","ses-04A",-0.00860016615326981,0.00635236850116571,Inf,-1.35385189818437,0.365417512938587,"mr_y_smri__thk__dsk__er"
"co_longi0 - co_longi2","ses-04A",0.00256051127954246,0.0116322899313387,Inf,0.220120998931101,0.973642636813392,"mr_y_smri__thk__dsk__er"
"co_longi1 - co_longi2","ses-04A",0.0111606774328123,0.0116687988580603,Inf,0.956454693286869,0.604475101023828,"mr_y_smri__thk__dsk__er"
"co_longi0 - co_longi1","ses-06A",0.0116632472589027,0.00631022806995731,Inf,1.84830835424648,0.154051937692411,"mr_y_smri__thk__dsk__er"
"co_longi0 - co_longi2","ses-06A",0.0218799514060671,0.0110060078808474,Inf,1.98800070315618,0.115135058237767,"mr_y_smri__thk__dsk__er"
"co_longi1 - co_longi2","ses-06A",0.0102167041471644,0.0108803874656711,Inf,0.939001867295558,0.615559094742399,"mr_y_smri__thk__dsk__er"
"co_longi0 - co_longi1","ses-02A",-0.00621873812430932,0.00235637917457791,Inf,-2.63910757292415,0.0226297234807219,"mr_y_smri__thk__dsk__ff"
"co_longi0 - co_longi2","ses-02A",-0.00365824167235029,0.0044495165774599,Inf,-0.822166095724194,0.689253067888839,"mr_y_smri__thk__dsk__ff"
"co_longi1 - co_longi2","ses-02A",0.00256049645195904,0.00450794033439694,Inf,0.567996970239753,0.837152314269226,"mr_y_smri__thk__dsk__ff"
"co_longi0 - co_longi1","ses-04A",0.00716135333997617,0.00257471815469671,Inf,2.78141253127558,0.0149589943196471,"mr_y_smri__thk__dsk__ff"
"co_longi0 - co_longi2","ses-04A",0.0115712852248757,0.00472980836829286,Inf,2.44645962877606,0.0383399309422687,"mr_y_smri__thk__dsk__ff"
"co_longi1 - co_longi2","ses-04A",0.0044099318848995,0.00474906452209024,Inf,0.928589591568347,0.622169869460712,"mr_y_smri__thk__dsk__ff"
"co_longi0 - co_longi1","ses-06A",0.014994593228464,0.00257520856062413,Inf,5.82267139746922,0.0000000173643454060013,"mr_y_smri__thk__dsk__ff"
"co_longi0 - co_longi2","ses-06A",0.0176306940289662,0.004535884246794,Inf,3.88693649786758,0.000298999033716663,"mr_y_smri__thk__dsk__ff"
"co_longi1 - co_longi2","ses-06A",0.00263610080050223,0.0044966807021816,Inf,0.586232595795228,0.827507229957134,"mr_y_smri__thk__dsk__ff"
"co_longi0 - co_longi1","ses-02A",0.0118170070154909,0.00306235218640879,Inf,3.85880078324652,0.000335335862341357,"mr_y_smri__thk__dsk__ic"
"co_longi0 - co_longi2","ses-02A",0.0128288264429516,0.00578306239863647,Inf,2.21834480741145,0.0681067646224731,"mr_y_smri__thk__dsk__ic"
"co_longi1 - co_longi2","ses-02A",0.00101181942746069,0.00585916971298607,Inf,0.172689899256225,0.983693823872399,"mr_y_smri__thk__dsk__ic"
"co_longi0 - co_longi1","ses-04A",0.0320358268887251,0.00334483577048347,Inf,9.57769800581109,0.0000000000000230926389122033,"mr_y_smri__thk__dsk__ic"
"co_longi0 - co_longi2","ses-04A",0.0384858830755288,0.00614524734236194,Inf,6.26270692315806,0.00000000113482490071704,"mr_y_smri__thk__dsk__ic"
"co_longi1 - co_longi2","ses-04A",0.00645005618680364,0.00617049502244204,Inf,1.04530611617785,0.548238090180763,"mr_y_smri__thk__dsk__ic"
"co_longi0 - co_longi1","ses-06A",0.0319754920652882,0.00334593192353276,Inf,9.5565279856403,0.0000000000000240918396343659,"mr_y_smri__thk__dsk__ic"
"co_longi0 - co_longi2","ses-06A",0.0360281995755996,0.00589508962499945,Inf,6.11156095452968,0.00000000295894253543594,"mr_y_smri__thk__dsk__ic"
"co_longi1 - co_longi2","ses-06A",0.00405270751031149,0.00584465033561002,Inf,0.693404614065504,0.767346609686576,"mr_y_smri__thk__dsk__ic"
"co_longi0 - co_longi1","ses-02A",0.0233233548519662,0.00287040071780311,Inf,8.12546997612826,0.0000000000000379696274421804,"mr_y_smri__thk__dsk__ins"
"co_longi0 - co_longi2","ses-02A",0.0236187500013586,0.00540523963173863,Inf,4.36960275778957,0.0000370215027869492,"mr_y_smri__thk__dsk__ins"
"co_longi1 - co_longi2","ses-02A",0.000295395149392366,0.00547018855611173,Inf,0.0540009080788132,0.998393572466075,"mr_y_smri__thk__dsk__ins"
"co_longi0 - co_longi1","ses-04A",0.0385847207651972,0.00320054007220439,Inf,12.0556905693175,0,"mr_y_smri__thk__dsk__ins"
"co_longi0 - co_longi2","ses-04A",0.0348255864461033,0.00585860196438091,Inf,5.94435100009109,0.00000000832294710928494,"mr_y_smri__thk__dsk__ins"
"co_longi1 - co_longi2","ses-04A",-0.00375913431909396,0.00587669308839875,Inf,-0.639668307081565,0.79819989532313,"mr_y_smri__thk__dsk__ins"
"co_longi0 - co_longi1","ses-06A",0.0381775346852714,0.00317029157387651,Inf,12.0422786975992,0,"mr_y_smri__thk__dsk__ins"
"co_longi0 - co_longi2","ses-06A",0.0398392379625686,0.0055158962693351,Inf,7.22262276469006,0.00000000000155109258770381,"mr_y_smri__thk__dsk__ins"
"co_longi1 - co_longi2","ses-06A",0.00166170327729724,0.00544981456793919,Inf,0.304910058238111,0.950043916707258,"mr_y_smri__thk__dsk__ins"
"co_longi0 - co_longi1","ses-02A",-0.00576921280955251,0.00228689814605035,Inf,-2.52272398729973,0.0312604554367295,"mr_y_smri__thk__dsk__iprt"
"co_longi0 - co_longi2","ses-02A",0.00615528971139761,0.00432428639001831,Inf,1.42342323246808,0.328767394563303,"mr_y_smri__thk__dsk__iprt"
"co_longi1 - co_longi2","ses-02A",0.0119245025209501,0.00438325312931658,Inf,2.72046860383109,0.0179059344163988,"mr_y_smri__thk__dsk__iprt"
"co_longi0 - co_longi1","ses-04A",0.009702889019598,0.00248392044993452,Inf,3.90628009840403,0.000276202608583964,"mr_y_smri__thk__dsk__iprt"
"co_longi0 - co_longi2","ses-04A",0.0268843697725353,0.00457231521024263,Inf,5.87981548435474,0.0000000123154624276367,"mr_y_smri__thk__dsk__iprt"
"co_longi1 - co_longi2","ses-04A",0.0171814807529373,0.00459394844155108,Inf,3.74002472416435,0.000539522141750903,"mr_y_smri__thk__dsk__iprt"
"co_longi0 - co_longi1","ses-06A",0.0106990672114108,0.00248933047694281,Inf,4.29796979971519,0.000051212550198021,"mr_y_smri__thk__dsk__iprt"
"co_longi0 - co_longi2","ses-06A",0.0228890437256242,0.0044052651620845,Inf,5.19583790837996,0.000000610177540161239,"mr_y_smri__thk__dsk__iprt"
"co_longi1 - co_longi2","ses-06A",0.0121899765142134,0.00437360632317692,Inf,2.78716821164617,0.0147042117403164,"mr_y_smri__thk__dsk__iprt"
"co_longi0 - co_longi1","ses-02A",0.000199012587391663,0.00269537945755052,Inf,0.0738347199442263,0.996998941043405,"mr_y_smri__thk__dsk__itmp"
"co_longi0 - co_longi2","ses-02A",-0.00035970406893787,0.00509045166062202,Inf,-0.0706625055926602,0.9972509249338,"mr_y_smri__thk__dsk__itmp"
"co_longi1 - co_longi2","ses-02A",-0.000558716656329533,0.00515759025223454,Inf,-0.108329012000802,0.993551103418153,"mr_y_smri__thk__dsk__itmp"
"co_longi0 - co_longi1","ses-04A",0.0113056518801816,0.00294295263990066,Inf,3.84160170534149,0.000359551573906103,"mr_y_smri__thk__dsk__itmp"
"co_longi0 - co_longi2","ses-04A",0.0133020505722499,0.00540750126744176,Inf,2.45992555791725,0.036998769630462,"mr_y_smri__thk__dsk__itmp"
"co_longi1 - co_longi2","ses-04A",0.00199639869206831,0.00542991217927654,Inf,0.367666847299601,0.928201177036447,"mr_y_smri__thk__dsk__itmp"
"co_longi0 - co_longi1","ses-06A",0.0203145426495812,0.00294429596151672,Inf,6.899626571208,0.0000000000156649138105536,"mr_y_smri__thk__dsk__itmp"
"co_longi0 - co_longi2","ses-06A",0.0264690127487782,0.00518887088431765,Inf,5.10111223402678,0.00000101057158485851,"mr_y_smri__thk__dsk__itmp"
"co_longi1 - co_longi2","ses-06A",0.00615447009919697,0.0051449051019441,Inf,1.19622616496296,0.455397362110007,"mr_y_smri__thk__dsk__itmp"
"co_longi0 - co_longi1","ses-02A",0.0134077459440029,0.0024960765487623,Inf,5.37152834942152,0.000000233882169409227,"mr_y_smri__thk__dsk__lg"
"co_longi0 - co_longi2","ses-02A",0.0152814837364994,0.00472940661157216,Inf,3.23116301717596,0.00353084934619152,"mr_y_smri__thk__dsk__lg"
"co_longi1 - co_longi2","ses-02A",0.00187373779249652,0.00479731121715811,Inf,0.390580829068352,0.91935768232805,"mr_y_smri__thk__dsk__lg"
"co_longi0 - co_longi1","ses-04A",0.0197420458727356,0.00269104380185512,Inf,7.33620383998433,0.000000000000679789557977983,"mr_y_smri__thk__dsk__lg"
"co_longi0 - co_longi2","ses-04A",0.0260722538470661,0.00496900969512217,Inf,5.24697182069497,0.000000463017447938086,"mr_y_smri__thk__dsk__lg"
"co_longi1 - co_longi2","ses-04A",0.00633020797433055,0.00499764889546807,Inf,1.26663719415561,0.414121169910911,"mr_y_smri__thk__dsk__lg"
"co_longi0 - co_longi1","ses-06A",0.0223637823896925,0.0027022300462661,Inf,8.27604682310245,0.0000000000000336397576461422,"mr_y_smri__thk__dsk__lg"
"co_longi0 - co_longi2","ses-06A",0.0255574495816777,0.004813010133456,Inf,5.31007599672892,0.00000032821039086528,"mr_y_smri__thk__dsk__lg"
"co_longi1 - co_longi2","ses-06A",0.00319366719198523,0.00478835509407073,Inf,0.666965404453785,0.782684636893924,"mr_y_smri__thk__dsk__lg"
"co_longi0 - co_longi1","ses-02A",0.00789554341897979,0.00251462762711388,Inf,3.13984596917904,0.00481258509685223,"mr_y_smri__thk__dsk__lobfrt"
"co_longi0 - co_longi2","ses-02A",0.00958673955336334,0.00474036085343252,Inf,2.02236493165315,0.106838351927742,"mr_y_smri__thk__dsk__lobfrt"
"co_longi1 - co_longi2","ses-02A",0.00169119613438355,0.00479954589842816,Inf,0.352365863390829,0.933853225269912,"mr_y_smri__thk__dsk__lobfrt"
"co_longi0 - co_longi1","ses-04A",0.0189163763039421,0.00277369071483359,Inf,6.81992992325281,0.0000000000273475686540792,"mr_y_smri__thk__dsk__lobfrt"
"co_longi0 - co_longi2","ses-04A",0.0262065401471271,0.00508347902547522,Inf,5.15523719401542,0.000000758290829905306,"mr_y_smri__thk__dsk__lobfrt"
"co_longi1 - co_longi2","ses-04A",0.00729016384318503,0.00510056193659257,Inf,1.42928640683368,0.325774440140328,"mr_y_smri__thk__dsk__lobfrt"
"co_longi0 - co_longi1","ses-06A",0.0254950032934167,0.00276337272109972,Inf,9.22604580220023,0.0000000000000333066907387547,"mr_y_smri__thk__dsk__lobfrt"
"co_longi0 - co_longi2","ses-06A",0.0270203562080191,0.00483595585045242,Inf,5.5873868669606,0.0000000690892211219207,"mr_y_smri__thk__dsk__lobfrt"
"co_longi1 - co_longi2","ses-06A",0.00152535291460249,0.00478503034585242,Inf,0.318776016943056,0.945526838824455,"mr_y_smri__thk__dsk__lobfrt"
"co_longi0 - co_longi1","ses-02A",-0.00280229287361949,0.00233329975501348,Inf,-1.20099994336274,0.452550031456172,"mr_y_smri__thk__dsk__locc"
"co_longi0 - co_longi2","ses-02A",-0.00121208686999547,0.00442457222866906,Inf,-0.273944419336573,0.959475765206922,"mr_y_smri__thk__dsk__locc"
"co_longi1 - co_longi2","ses-02A",0.00159020600362402,0.0044893533240005,Inf,0.354217164223326,0.933180334734732,"mr_y_smri__thk__dsk__locc"
"co_longi0 - co_longi1","ses-04A",0.00772563884503152,0.00250880991353201,Inf,3.0794038254397,0.00588023977586061,"mr_y_smri__thk__dsk__locc"
"co_longi0 - co_longi2","ses-04A",0.0135231375555421,0.004638414055625,Inf,2.91546580218354,0.00993873163716241,"mr_y_smri__thk__dsk__locc"
"co_longi1 - co_longi2","ses-04A",0.00579749871051062,0.0046671266624154,Inf,1.24219870808268,0.428265619627856,"mr_y_smri__thk__dsk__locc"
"co_longi0 - co_longi1","ses-06A",0.0151706849741642,0.0025207073295723,Inf,6.01842379564877,0.00000000528172383607028,"mr_y_smri__thk__dsk__locc"
"co_longi0 - co_longi2","ses-06A",0.0200203663613354,0.00450089316868086,Inf,4.44808743754366,0.0000257955698388379,"mr_y_smri__thk__dsk__locc"
"co_longi1 - co_longi2","ses-06A",0.00484968138717121,0.00448147287090937,Inf,1.08216238876553,0.52514901987301,"mr_y_smri__thk__dsk__locc"
"co_longi0 - co_longi1","ses-02A",0.00983821334175452,0.00252799174082302,Inf,3.89171103009679,0.000293213164212158,"mr_y_smri__thk__dsk__mobfrt"
"co_longi0 - co_longi2","ses-02A",0.00959705176873454,0.00476120188170277,Inf,2.01567839532616,0.108415032963777,"mr_y_smri__thk__dsk__mobfrt"
"co_longi1 - co_longi2","ses-02A",-0.000241161573019973,0.00481879041016322,Inf,-0.0500460805498708,0.99862009628953,"mr_y_smri__thk__dsk__mobfrt"
"co_longi0 - co_longi1","ses-04A",0.0214297375223827,0.0028117835367832,Inf,7.62140372544441,0.0000000000000938138455808257,"mr_y_smri__thk__dsk__mobfrt"
"co_longi0 - co_longi2","ses-04A",0.0260086253499534,0.00514769011572928,Inf,5.05248466112625,0.0000013048803849669,"mr_y_smri__thk__dsk__mobfrt"
"co_longi1 - co_longi2","ses-04A",0.00457888782757063,0.00516363064492557,Inf,0.886757427561249,0.648678617988501,"mr_y_smri__thk__dsk__mobfrt"
"co_longi0 - co_longi1","ses-06A",0.0224621244747336,0.00278924824760295,Inf,8.05311054476321,0.0000000000000408562073062058,"mr_y_smri__thk__dsk__mobfrt"
"co_longi0 - co_longi2","ses-06A",0.0225766795113394,0.00485861479853205,Inf,4.64673172241616,0.0000100625534137366,"mr_y_smri__thk__dsk__mobfrt"
"co_longi1 - co_longi2","ses-06A",0.000114555036605843,0.00480166234385035,Inf,0.0238573703027156,0.99968624747043,"mr_y_smri__thk__dsk__mobfrt"
"co_longi0 - co_longi1","ses-02A",-0.0121572334318444,0.00293181385704029,Inf,-4.14665938038689,0.0000999676157198426,"mr_y_smri__thk__dsk__mtmp"
"co_longi0 - co_longi2","ses-02A",-0.0112685199046063,0.00554054826436905,Inf,-2.03382758653571,0.1041772159743,"mr_y_smri__thk__dsk__mtmp"
"co_longi1 - co_longi2","ses-02A",0.000888713527238076,0.00561493629335931,Inf,0.158276689316875,0.98628404225377,"mr_y_smri__thk__dsk__mtmp"
"co_longi0 - co_longi1","ses-04A",0.0000112723480647145,0.0031919882162523,Inf,0.00353145040051223,0.999993124322913,"mr_y_smri__thk__dsk__mtmp"
"co_longi0 - co_longi2","ses-04A",0.00695765613252605,0.00587063498270383,Inf,1.18516244887049,0.462021537427797,"mr_y_smri__thk__dsk__mtmp"
"co_longi1 - co_longi2","ses-04A",0.00694638378446134,0.00589675605834758,Inf,1.17800087297623,0.466327683888969,"mr_y_smri__thk__dsk__mtmp"
"co_longi0 - co_longi1","ses-06A",0.0125017044887575,0.00319655026020552,Inf,3.9109988803848,0.000270895297031948,"mr_y_smri__thk__dsk__mtmp"
"co_longi0 - co_longi2","ses-06A",0.0248235789661483,0.00564591348392379,Inf,4.39673385659046,0.0000326970921196157,"mr_y_smri__thk__dsk__mtmp"
"co_longi1 - co_longi2","ses-06A",0.0123218744773908,0.00560193201239087,Inf,2.19957586956359,0.0712317422639641,"mr_y_smri__thk__dsk__mtmp"
"co_longi0 - co_longi1","ses-02A",-0.0232838818719256,0.00285216415277608,Inf,-8.16358408027211,0.0000000000000366373598126302,"mr_y_smri__thk__dsk__pactr"
"co_longi0 - co_longi2","ses-02A",-0.0207924848322863,0.00539105086398307,Inf,-3.85685191197106,0.000338000714466102,"mr_y_smri__thk__dsk__pactr"
"co_longi1 - co_longi2","ses-02A",0.00249139703963932,0.00546380518447877,Inf,0.455982040998958,0.89173894176795,"mr_y_smri__thk__dsk__pactr"
"co_longi0 - co_longi1","ses-04A",-0.00276734191536904,0.00310279048611566,Inf,-0.89188810129215,0.645433854702198,"mr_y_smri__thk__dsk__pactr"
"co_longi0 - co_longi2","ses-04A",0.0117284563909995,0.0057081943923515,Inf,2.05467010841723,0.0994719079978064,"mr_y_smri__thk__dsk__pactr"
"co_longi1 - co_longi2","ses-04A",0.0144957983063685,0.00573411706628226,Inf,2.52799134353336,0.0308159635181682,"mr_y_smri__thk__dsk__pactr"
"co_longi0 - co_longi1","ses-06A",0.000310361975772745,0.00310802437755158,Inf,0.0998582823270005,0.994517526338631,"mr_y_smri__thk__dsk__pactr"
"co_longi0 - co_longi2","ses-06A",0.0138323344401258,0.00549306132471672,Inf,2.5181467350247,0.0316511793118157,"mr_y_smri__thk__dsk__pactr"
"co_longi1 - co_longi2","ses-06A",0.0135219724643531,0.00545136461417725,Inf,2.48047478409109,0.0350293330515878,"mr_y_smri__thk__dsk__pactr"
"co_longi0 - co_longi1","ses-02A",-0.000761050924099197,0.00249408591661386,Inf,-0.305142224263249,0.949969763031606,"mr_y_smri__thk__dsk__pcg"
"co_longi0 - co_longi2","ses-02A",0.00277278896286854,0.00470002993928571,Inf,0.589951340456768,0.825517014255747,"mr_y_smri__thk__dsk__pcg"
"co_longi1 - co_longi2","ses-02A",0.00353383988696774,0.00475805626214163,Inf,0.742706620576432,0.738031952723586,"mr_y_smri__thk__dsk__pcg"
"co_longi0 - co_longi1","ses-04A",0.0165542658207846,0.0027581144406488,Inf,6.00202282284213,0.0000000058439515449038,"mr_y_smri__thk__dsk__pcg"
"co_longi0 - co_longi2","ses-04A",0.0198972005403095,0.00505273102957307,Inf,3.9379100973025,0.000242417402500084,"mr_y_smri__thk__dsk__pcg"
"co_longi1 - co_longi2","ses-04A",0.00334293471952488,0.00506910933422877,Inf,0.659471812326471,0.786977638902802,"mr_y_smri__thk__dsk__pcg"
"co_longi0 - co_longi1","ses-06A",0.0146212478900426,0.00274444360248801,Inf,5.3275818372757,0.000000298122994069061,"mr_y_smri__thk__dsk__pcg"
"co_longi0 - co_longi2","ses-06A",0.0191282224365333,0.00479542338604616,Inf,3.98884955438827,0.000196067993987636,"mr_y_smri__thk__dsk__pcg"
"co_longi1 - co_longi2","ses-06A",0.00450697454649065,0.00474292125397224,Inf,0.950252872681793,0.608413870041542,"mr_y_smri__thk__dsk__pcg"
"co_longi0 - co_longi1","ses-02A",-0.00567826673606665,0.00472456000116378,Inf,-1.20186149285181,0.452036869092995,"mr_y_smri__thk__dsk__pfrt"
"co_longi0 - co_longi2","ses-02A",-0.0172257052835252,0.00889626306165089,Inf,-1.93628551270927,0.128548867764731,"mr_y_smri__thk__dsk__pfrt"
"co_longi1 - co_longi2","ses-02A",-0.0115474385474586,0.00900285472947697,Inf,-1.28264188354058,0.404970367607848,"mr_y_smri__thk__dsk__pfrt"
"co_longi0 - co_longi1","ses-04A",0.00355321118375455,0.00527473664455195,Inf,0.673628168227985,0.778847002462661,"mr_y_smri__thk__dsk__pfrt"
"co_longi0 - co_longi2","ses-04A",0.000785878461664212,0.00965507265211105,Inf,0.0813953959727462,0.99635404385647,"mr_y_smri__thk__dsk__pfrt"
"co_longi1 - co_longi2","ses-04A",-0.00276733272209034,0.00968496956094043,Inf,-0.285734787773729,0.955992567064911,"mr_y_smri__thk__dsk__pfrt"
"co_longi0 - co_longi1","ses-06A",0.00853350715450176,0.00522078254401361,Inf,1.63452644935129,0.231092624305758,"mr_y_smri__thk__dsk__pfrt"
"co_longi0 - co_longi2","ses-06A",0.0111309953913694,0.00907831732183555,Inf,1.22610776829718,0.437686989847961,"mr_y_smri__thk__dsk__pfrt"
"co_longi1 - co_longi2","ses-06A",0.00259748823686765,0.00896850457384629,Inf,0.289623338593412,0.954814494999431,"mr_y_smri__thk__dsk__pfrt"
"co_longi0 - co_longi1","ses-02A",-0.0454592139114936,0.00475436534133214,Inf,-9.56157355352844,0.0000000000000238697950294409,"mr_y_smri__thk__dsk__ph"
"co_longi0 - co_longi2","ses-02A",-0.0478897152063498,0.00899536230116456,Inf,-5.32382283258896,0.000000304349656587988,"mr_y_smri__thk__dsk__ph"
"co_longi1 - co_longi2","ses-02A",-0.00243050129485623,0.00911994882977519,Inf,-0.266503830254072,0.961604657352901,"mr_y_smri__thk__dsk__ph"
"co_longi0 - co_longi1","ses-04A",-0.029388002034448,0.0051520529266119,Inf,-5.70413434276853,0.0000000350550161121177,"mr_y_smri__thk__dsk__ph"
"co_longi0 - co_longi2","ses-04A",-0.0247635204244173,0.00949225787746066,Inf,-2.60881243894755,0.024648302667618,"mr_y_smri__thk__dsk__ph"
"co_longi1 - co_longi2","ses-04A",0.00462448161003075,0.00953998371226034,Inf,0.484747327617298,0.878545920187576,"mr_y_smri__thk__dsk__ph"
"co_longi0 - co_longi1","ses-06A",-0.0191440403738347,0.00516673838107888,Inf,-3.70524670727323,0.000618491243059682,"mr_y_smri__thk__dsk__ph"
"co_longi0 - co_longi2","ses-06A",-0.0189909032532525,0.00916108308978109,Inf,-2.07299759942537,0.0954742569910951,"mr_y_smri__thk__dsk__ph"
"co_longi1 - co_longi2","ses-06A",0.000153137120582171,0.00910086088543064,Inf,0.0168266631596715,0.999843910891456,"mr_y_smri__thk__dsk__ph"
"co_longi0 - co_longi1","ses-02A",-0.0321602988932484,0.0034750531063196,Inf,-9.25462083867519,0.0000000000000325295346215171,"mr_y_smri__thk__dsk__pob"
"co_longi0 - co_longi2","ses-02A",-0.041981749865573,0.00654906949112675,Inf,-6.41033812856216,0.000000000435546265720177,"mr_y_smri__thk__dsk__pob"
"co_longi1 - co_longi2","ses-02A",-0.00982145097232462,0.00663010441672935,Inf,-1.48134182435238,0.299882025343434,"mr_y_smri__thk__dsk__pob"
"co_longi0 - co_longi1","ses-04A",-0.0165544115865205,0.00384088006221001,Inf,-4.31005689279327,0.0000485010238079342,"mr_y_smri__thk__dsk__pob"
"co_longi0 - co_longi2","ses-04A",-0.0134237655310403,0.00703688962961013,Inf,-1.90762769314374,0.136477734113356,"mr_y_smri__thk__dsk__pob"
"co_longi1 - co_longi2","ses-04A",0.00313064605548024,0.00705985414217844,Inf,0.443443446908696,0.897295964062999,"mr_y_smri__thk__dsk__pob"
"co_longi0 - co_longi1","ses-06A",-0.00965747899630396,0.00382285155515318,Inf,-2.52625006672983,0.0309622974851913,"mr_y_smri__thk__dsk__pob"
"co_longi0 - co_longi2","ses-06A",-0.00980676649252575,0.00668183331924661,Inf,-1.46767601404812,0.30655964642953,"mr_y_smri__thk__dsk__pob"
"co_longi1 - co_longi2","ses-06A",-0.000149287496221791,0.0066092330864299,Inf,-0.0225877184643872,0.999718749088642,"mr_y_smri__thk__dsk__pob"
"co_longi0 - co_longi1","ses-02A",-0.0200149283908753,0.00268984026957462,Inf,-7.44093566345503,0.000000000000319744231092045,"mr_y_smri__thk__dsk__poctr"
"co_longi0 - co_longi2","ses-02A",-0.0221205789222853,0.00509766705465705,Inf,-4.3393534111014,0.0000424844109786493,"mr_y_smri__thk__dsk__poctr"
"co_longi1 - co_longi2","ses-02A",-0.00210565053140998,0.00517125512259169,Inf,-0.407183649132105,0.912673062294689,"mr_y_smri__thk__dsk__poctr"
"co_longi0 - co_longi1","ses-04A",-0.0118764002465238,0.00289777727342355,Inf,-4.09845171864868,0.000123127644586773,"mr_y_smri__thk__dsk__poctr"
"co_longi0 - co_longi2","ses-04A",-0.00163161754819309,0.00535259632739686,Inf,-0.304827311531373,0.950070333716922,"mr_y_smri__thk__dsk__poctr"
"co_longi1 - co_longi2","ses-04A",0.0102447826983307,0.00538406692995293,Inf,1.90279631208454,0.13785003057638,"mr_y_smri__thk__dsk__poctr"
"co_longi0 - co_longi1","ses-06A",-0.00824823115606465,0.00291031442149579,Inf,-2.83413747158816,0.0127646860636615,"mr_y_smri__thk__dsk__poctr"
"co_longi0 - co_longi2","ses-06A",-0.00174422446533048,0.00518718600525572,Inf,-0.336256394808902,0.939579371617612,"mr_y_smri__thk__dsk__poctr"
"co_longi1 - co_longi2","ses-06A",0.00650400669073417,0.0051617637869904,Inf,1.26003570855503,0.417921869044875,"mr_y_smri__thk__dsk__poctr"
"co_longi0 - co_longi1","ses-02A",-0.0109844702104542,0.00257433426535351,Inf,-4.26691683294121,0.0000588555392522228,"mr_y_smri__thk__dsk__pop"
"co_longi0 - co_longi2","ses-02A",-0.012892999403342,0.00485376347383656,Inf,-2.65628918113535,0.0215502304138049,"mr_y_smri__thk__dsk__pop"
"co_longi1 - co_longi2","ses-02A",-0.00190852919288772,0.00491470269926102,Inf,-0.388330548086803,0.920245966778624,"mr_y_smri__thk__dsk__pop"
"co_longi0 - co_longi1","ses-04A",0.00280539039506802,0.00283618636018648,Inf,0.989141769542807,0.583728534335153,"mr_y_smri__thk__dsk__pop"
"co_longi0 - co_longi2","ses-04A",0.00769375633647425,0.00519921289806063,Inf,1.47979251616031,0.300634735936159,"mr_y_smri__thk__dsk__pop"
"co_longi1 - co_longi2","ses-04A",0.00488836594140623,0.00521702703916161,Inf,0.93700222458341,0.616828858389878,"mr_y_smri__thk__dsk__pop"
"co_longi0 - co_longi1","ses-06A",0.0110477086966672,0.00282718024591564,Inf,3.90767752166758,0.000274620780763679,"mr_y_smri__thk__dsk__pop"
"co_longi0 - co_longi2","ses-06A",0.0109949972692476,0.00495129917324037,Inf,2.22062874501117,0.0677342723611826,"mr_y_smri__thk__dsk__pop"
"co_longi1 - co_longi2","ses-06A",-0.0000527114274195435,0.00490018380933249,Inf,-0.0107570306483511,0.99993620573952,"mr_y_smri__thk__dsk__pop"
"co_longi0 - co_longi1","ses-02A",0.00403842563169485,0.00219537486701312,Inf,1.8395152884251,0.156793195964627,"mr_y_smri__thk__dsk__prcn"
"co_longi0 - co_longi2","ses-02A",0.00816575673435935,0.00416390798509584,Inf,1.96108001511743,0.121976107305247,"mr_y_smri__thk__dsk__prcn"
"co_longi1 - co_longi2","ses-02A",0.0041273311026645,0.00422517817592916,Inf,0.976841906023726,0.591531205670072,"mr_y_smri__thk__dsk__prcn"
"co_longi0 - co_longi1","ses-04A",0.0216548310829346,0.00235890906663002,Inf,9.18001943748985,0.0000000000000349720252756924,"mr_y_smri__thk__dsk__prcn"
"co_longi0 - co_longi2","ses-04A",0.0348105692546316,0.00436272637326977,Inf,7.97908607514659,0.0000000000000449640324973188,"mr_y_smri__thk__dsk__prcn"
"co_longi1 - co_longi2","ses-04A",0.013155738171697,0.00439022184124545,Inf,2.99659986383852,0.00769134341092792,"mr_y_smri__thk__dsk__prcn"
"co_longi0 - co_longi1","ses-06A",0.0221689947859038,0.00237041989753091,Inf,9.35234926478451,0.0000000000000295319324550292,"mr_y_smri__thk__dsk__prcn"
"co_longi0 - co_longi2","ses-06A",0.0294194474347275,0.0042352658793155,Inf,6.94630473576839,0.0000000000112725384582291,"mr_y_smri__thk__dsk__prcn"
"co_longi1 - co_longi2","ses-06A",0.00725045264882378,0.00421787753890213,Inf,1.71898130800426,0.198031908525041,"mr_y_smri__thk__dsk__prcn"
"co_longi0 - co_longi1","ses-02A",-0.0273519396610019,0.00279230331831416,Inf,-9.79547582872031,0.000000000000031641356201817,"mr_y_smri__thk__dsk__prctr"
"co_longi0 - co_longi2","ses-02A",-0.0300271340422268,0.00527567133942175,Inf,-5.6916233234343,0.000000037722754697711,"mr_y_smri__thk__dsk__prctr"
"co_longi1 - co_longi2","ses-02A",-0.00267519438122483,0.00534605315823477,Inf,-0.500405495800974,0.871113461386918,"mr_y_smri__thk__dsk__prctr"
"co_longi0 - co_longi1","ses-04A",-0.0136885394331715,0.00304315088284806,Inf,-4.4981468090601,0.0000204219182814436,"mr_y_smri__thk__dsk__prctr"
"co_longi0 - co_longi2","ses-04A",-0.0111803964509515,0.0055949728111415,Inf,-1.99829325867098,0.112599369151496,"mr_y_smri__thk__dsk__prctr"
"co_longi1 - co_longi2","ses-04A",0.00250814298221995,0.00561924356121284,Inf,0.446348864379639,0.896019018719435,"mr_y_smri__thk__dsk__prctr"
"co_longi0 - co_longi1","ses-06A",-0.00592245416518815,0.00304648701542597,Inf,-1.94402737815709,0.126468237746438,"mr_y_smri__thk__dsk__prctr"
"co_longi0 - co_longi2","ses-06A",-0.00316746878424311,0.00537660884035611,Inf,-0.589120183054515,0.825962509490236,"mr_y_smri__thk__dsk__prctr"
"co_longi1 - co_longi2","ses-06A",0.00275498538094504,0.00533340527769161,Inf,0.516552790853623,0.863270981808994,"mr_y_smri__thk__dsk__prctr"
"co_longi0 - co_longi1","ses-02A",-0.0123567626358865,0.00266277858097906,Inf,-4.64055206247872,0.0000103676276288489,"mr_y_smri__thk__dsk__ptg"
"co_longi0 - co_longi2","ses-02A",-0.01628907454148,0.00502280606338824,Inf,-3.24302279162494,0.00338956388373957,"mr_y_smri__thk__dsk__ptg"
"co_longi1 - co_longi2","ses-02A",-0.0039323119055935,0.00508676090044892,Inf,-0.773048307665976,0.719597562375847,"mr_y_smri__thk__dsk__ptg"
"co_longi0 - co_longi1","ses-04A",-0.00111566789919832,0.0029254287593168,Inf,-0.381369020060795,0.92296685383286,"mr_y_smri__thk__dsk__ptg"
"co_longi0 - co_longi2","ses-04A",0.00954945461833145,0.0053661081354791,Inf,1.77958669062096,0.17643501441147,"mr_y_smri__thk__dsk__ptg"
"co_longi1 - co_longi2","ses-04A",0.0106651225175298,0.00538547378601943,Inf,1.98034990815779,0.117048375712391,"mr_y_smri__thk__dsk__ptg"
"co_longi0 - co_longi1","ses-06A",0.00630755619801467,0.00291971986923835,Inf,2.16032923722237,0.0781442214853894,"mr_y_smri__thk__dsk__ptg"
"co_longi0 - co_longi2","ses-06A",0.0119410832633801,0.00512275424569575,Inf,2.33098889594659,0.0516302739770801,"mr_y_smri__thk__dsk__ptg"
"co_longi1 - co_longi2","ses-06A",0.0056335270653654,0.0050725527248809,Inf,1.11059014482647,0.507494386789226,"mr_y_smri__thk__dsk__ptg"
"co_longi0 - co_longi1","ses-02A",-0.00383332726396929,0.00556999353899006,Inf,-0.688210360952113,0.770382605258088,"mr_y_smri__thk__dsk__ptmp"
"co_longi0 - co_longi2","ses-02A",-0.0118337419297319,0.0104873438404934,Inf,-1.12838313587467,0.496525776997447,"mr_y_smri__thk__dsk__ptmp"
"co_longi1 - co_longi2","ses-02A",-0.00800041466576257,0.0106120697543977,Inf,-0.753897670381136,0.731264169058323,"mr_y_smri__thk__dsk__ptmp"
"co_longi0 - co_longi1","ses-04A",0.0023603139682165,0.00625237717478026,Inf,0.377506651028207,0.924458646044869,"mr_y_smri__thk__dsk__ptmp"
"co_longi0 - co_longi2","ses-04A",-0.0161160406081433,0.0114459139253345,Inf,-1.40801693191768,0.336704122824534,"mr_y_smri__thk__dsk__ptmp"
"co_longi1 - co_longi2","ses-04A",-0.0184763545763598,0.0114829240271054,Inf,-1.60902872236605,0.241757172020976,"mr_y_smri__thk__dsk__ptmp"
"co_longi0 - co_longi1","ses-06A",0.0214944023594766,0.00616644532763187,Inf,3.48570387272553,0.00142491390563482,"mr_y_smri__thk__dsk__ptmp"
"co_longi0 - co_longi2","ses-06A",0.0219083645616591,0.0107004084627223,Inf,2.04743254783055,0.101086473176578,"mr_y_smri__thk__dsk__ptmp"
"co_longi1 - co_longi2","ses-06A",0.000413962202182477,0.0105673112996847,Inf,0.0391738437945732,0.999154296722199,"mr_y_smri__thk__dsk__ptmp"
"co_longi0 - co_longi1","ses-02A",-0.0110429735491874,0.0035628059197023,Inf,-3.09951588665545,0.00550323599199043,"mr_y_smri__thk__dsk__rac"
"co_longi0 - co_longi2","ses-02A",-0.0091244479074252,0.00670842926427765,Inf,-1.36014669723251,0.362017437622757,"mr_y_smri__thk__dsk__rac"
"co_longi1 - co_longi2","ses-02A",0.00191852564176218,0.00678815560356402,Inf,0.282628412459326,0.956923264277401,"mr_y_smri__thk__dsk__rac"
"co_longi0 - co_longi1","ses-04A",-0.000986277500826755,0.00400691107806051,Inf,-0.246144094943117,0.967152546711516,"mr_y_smri__thk__dsk__rac"
"co_longi0 - co_longi2","ses-04A",0.000890608098295722,0.00733634743096657,Inf,0.121396663213697,0.991908153144734,"mr_y_smri__thk__dsk__rac"
"co_longi1 - co_longi2","ses-04A",0.00187688559912248,0.00736071777580264,Inf,0.254986763015488,0.964793183667,"mr_y_smri__thk__dsk__rac"
"co_longi0 - co_longi1","ses-06A",-0.00111827452350654,0.00394649361617695,Inf,-0.283359009861984,0.956705204044405,"mr_y_smri__thk__dsk__rac"
"co_longi0 - co_longi2","ses-06A",0.00286593519217568,0.00684405981362171,Inf,0.418747829537027,0.907883117689482,"mr_y_smri__thk__dsk__rac"
"co_longi1 - co_longi2","ses-06A",0.00398420971568222,0.00675851076414137,Inf,0.589510005195411,0.825753615284612,"mr_y_smri__thk__dsk__rac"
"co_longi0 - co_longi1","ses-02A",0.00355919597396193,0.00231443094313931,Inf,1.53782768265888,0.273207613207686,"mr_y_smri__thk__dsk__rmfrt"
"co_longi0 - co_longi2","ses-02A",0.00446191045468398,0.00437212518544035,Inf,1.02053584136672,0.563855088404269,"mr_y_smri__thk__dsk__rmfrt"
"co_longi1 - co_longi2","ses-02A",0.000902714480722056,0.00443020588865645,Inf,0.203763550365336,0.977371025439954,"mr_y_smri__thk__dsk__rmfrt"
"co_longi0 - co_longi1","ses-04A",0.0139402055278611,0.00252406071574054,Inf,5.52292797115663,0.0000000999130564949269,"mr_y_smri__thk__dsk__rmfrt"
"co_longi0 - co_longi2","ses-04A",0.026003456080191,0.00463955506498201,Inf,5.60473056488916,0.0000000625175456958615,"mr_y_smri__thk__dsk__rmfrt"
"co_longi1 - co_longi2","ses-04A",0.0120632505523299,0.00465934332430115,Inf,2.58904521789866,0.0260482421849467,"mr_y_smri__thk__dsk__rmfrt"
"co_longi0 - co_longi1","ses-06A",0.0177824679811013,0.00252624507430019,Inf,7.0390906100143,0.00000000000582778270086237,"mr_y_smri__thk__dsk__rmfrt"
"co_longi0 - co_longi2","ses-06A",0.0254006821870679,0.00445610631467813,Inf,5.70019662758038,0.0000000358742484607433,"mr_y_smri__thk__dsk__rmfrt"
"co_longi1 - co_longi2","ses-06A",0.00761821420596657,0.00441957368916771,Inf,1.72374413048902,0.196270692902186,"mr_y_smri__thk__dsk__rmfrt"
"co_longi0 - co_longi1","ses-02A",-0.0231694761534129,0.00255766588285225,Inf,-9.05883614773593,0.0000000000000399680288865056,"mr_y_smri__thk__dsk__sfrt"
"co_longi0 - co_longi2","ses-02A",-0.0261584147745916,0.00485752022960054,Inf,-5.38513758834983,0.000000216866080093858,"mr_y_smri__thk__dsk__sfrt"
"co_longi1 - co_longi2","ses-02A",-0.00298893862117867,0.0049312284571823,Inf,-0.606124548301001,0.816772643263858,"mr_y_smri__thk__dsk__sfrt"
"co_longi0 - co_longi1","ses-04A",-0.00705577925196886,0.00273689959497849,Inf,-2.57801903471886,0.0268586992705255,"mr_y_smri__thk__dsk__sfrt"
"co_longi0 - co_longi2","ses-04A",0.00128571341489097,0.00507259082761493,Inf,0.253462867119423,0.965205302484235,"mr_y_smri__thk__dsk__sfrt"
"co_longi1 - co_longi2","ses-04A",0.00834149266685983,0.00510819452242545,Inf,1.63296300292401,0.231737422688106,"mr_y_smri__thk__dsk__sfrt"
"co_longi0 - co_longi1","ses-06A",-0.000453461648890046,0.00275229257889024,Inf,-0.164757792237658,0.985146383323005,"mr_y_smri__thk__dsk__sfrt"
"co_longi0 - co_longi2","ses-06A",0.00670118448662524,0.0049373068732997,Inf,1.35725500937857,0.363577337945729,"mr_y_smri__thk__dsk__sfrt"
"co_longi1 - co_longi2","ses-06A",0.00715464613551528,0.00492349975547215,Inf,1.45316268728629,0.313745330737199,"mr_y_smri__thk__dsk__sfrt"
"co_longi0 - co_longi1","ses-02A",-0.0164017266924353,0.00249803849566624,Inf,-6.56584224818395,0.000000000155225943210269,"mr_y_smri__thk__dsk__sm"
"co_longi0 - co_longi2","ses-02A",-0.00774971740119468,0.00471913727904548,Inf,-1.64218943907523,0.227949488788042,"mr_y_smri__thk__dsk__sm"
"co_longi1 - co_longi2","ses-02A",0.00865200929124059,0.00478188827408833,Inf,1.80932903391393,0.166476456140972,"mr_y_smri__thk__dsk__sm"
"co_longi0 - co_longi1","ses-04A",-0.00283597704122166,0.00272387673595061,Inf,-1.04115469095628,0.550850605148095,"mr_y_smri__thk__dsk__sm"
"co_longi0 - co_longi2","ses-04A",0.015505605520523,0.00500709845208505,Inf,3.09672471370444,0.00555421167737091,"mr_y_smri__thk__dsk__sm"
"co_longi1 - co_longi2","ses-04A",0.0183415825617447,0.00502853665566028,Inf,3.6474990275946,0.000773906995858886,"mr_y_smri__thk__dsk__sm"
"co_longi0 - co_longi1","ses-06A",0.00082386090920537,0.00272637865680843,Inf,0.302181396244425,0.950911652828464,"mr_y_smri__thk__dsk__sm"
"co_longi0 - co_longi2","ses-06A",0.0150098610941573,0.00480970324307792,Inf,3.12074577901649,0.00512919713752336,"mr_y_smri__thk__dsk__sm"
"co_longi1 - co_longi2","ses-06A",0.014186000184952,0.00477044941626529,Inf,2.97372405555407,0.00827341974387785,"mr_y_smri__thk__dsk__sm"
"co_longi0 - co_longi1","ses-02A",0.000759549804713478,0.00227631482881281,Inf,0.333675199537146,0.940475142428484,"mr_y_smri__thk__dsk__sprt"
"co_longi0 - co_longi2","ses-02A",0.00552374213154713,0.00431526719461293,Inf,1.28004637544642,0.406448159168113,"mr_y_smri__thk__dsk__sprt"
"co_longi1 - co_longi2","ses-02A",0.00476419232683365,0.00437801374866192,Inf,1.08820862618117,0.521381712459335,"mr_y_smri__thk__dsk__sprt"
"co_longi0 - co_longi1","ses-04A",0.0155042037413337,0.00244984341410139,Inf,6.32865090564193,0.000000000741823269478914,"mr_y_smri__thk__dsk__sprt"
"co_longi0 - co_longi2","ses-04A",0.0277351525371791,0.00452733308372212,Inf,6.12615683986228,0.0000000027000226499041,"mr_y_smri__thk__dsk__sprt"
"co_longi1 - co_longi2","ses-04A",0.0122309487958454,0.00455466658772035,Inf,2.68536643907607,0.0198256801651081,"mr_y_smri__thk__dsk__sprt"
"co_longi0 - co_longi1","ses-06A",0.0117059098618088,0.00246097689241019,Inf,4.75661104251348,0.0000058798120353698,"mr_y_smri__thk__dsk__sprt"
"co_longi0 - co_longi2","ses-06A",0.0213296596440641,0.00439036259677221,Inf,4.85829112605543,0.00000353889208926095,"mr_y_smri__thk__dsk__sprt"
"co_longi1 - co_longi2","ses-06A",0.00962374978225529,0.00437015978439739,Inf,2.20215055216392,0.0707962658913222,"mr_y_smri__thk__dsk__sprt"
"co_longi0 - co_longi1","ses-02A",-0.0196803710758933,0.00289219275647045,Inf,-6.80465402309859,0.0000000000304095637559954,"mr_y_smri__thk__dsk__stmp"
"co_longi0 - co_longi2","ses-02A",-0.025155841858494,0.00548284607052216,Inf,-4.58809923439968,0.0000133390727049543,"mr_y_smri__thk__dsk__stmp"
"co_longi1 - co_longi2","ses-02A",-0.00547547078260076,0.00556258514017809,Inf,-0.984339231601488,0.586774309407447,"mr_y_smri__thk__dsk__stmp"
"co_longi0 - co_longi1","ses-04A",-0.00549609668515237,0.00311258971088434,Inf,-1.76576330183615,0.181206135496861,"mr_y_smri__thk__dsk__stmp"
"co_longi0 - co_longi2","ses-04A",-0.00380305507941783,0.00575216629776389,Inf,-0.661151796132223,0.786017359470568,"mr_y_smri__thk__dsk__stmp"
"co_longi1 - co_longi2","ses-04A",0.00169304160573454,0.00578691880512643,Inf,0.292563566683315,0.953914141529535,"mr_y_smri__thk__dsk__stmp"
"co_longi0 - co_longi1","ses-06A",0.00540670094681556,0.00312675252142346,Inf,1.72917457002774,0.194275979097134,"mr_y_smri__thk__dsk__stmp"
"co_longi0 - co_longi2","ses-06A",0.0135333084347013,0.00557823691482735,Inf,2.42609065217879,0.0404471355221412,"mr_y_smri__thk__dsk__stmp"
"co_longi1 - co_longi2","ses-06A",0.00812660748788572,0.00555261211243995,Inf,1.46356477335758,0.3085853798852,"mr_y_smri__thk__dsk__stmp"
"co_longi0 - co_longi1","ses-02A",-0.0378051941707363,0.00380833723356803,Inf,-9.92695548007355,0.0000000000000264233079860787,"mr_y_smri__thk__dsk__ttmp"
"co_longi0 - co_longi2","ses-02A",-0.043515791864972,0.00718159226037886,Inf,-6.05935150412958,0.00000000409873956996876,"mr_y_smri__thk__dsk__ttmp"
"co_longi1 - co_longi2","ses-02A",-0.00571059769423576,0.00727222439233242,Inf,-0.785261480690394,0.712105371720671,"mr_y_smri__thk__dsk__ttmp"
"co_longi0 - co_longi1","ses-04A",-0.0191376265028442,0.00419127548818572,Inf,-4.56606265963404,0.000014816915678062,"mr_y_smri__thk__dsk__ttmp"
"co_longi0 - co_longi2","ses-04A",-0.0249669612593606,0.00768501605518366,Inf,-3.24878452824051,0.00332280950612784,"mr_y_smri__thk__dsk__ttmp"
"co_longi1 - co_longi2","ses-04A",-0.00582933475651635,0.00771184313394558,Inf,-0.75589384473565,0.730053000926229,"mr_y_smri__thk__dsk__ttmp"
"co_longi0 - co_longi1","ses-06A",-0.0152990627929212,0.00417994666815333,Inf,-3.66010956778074,0.000737142875953167,"mr_y_smri__thk__dsk__ttmp"
"co_longi0 - co_longi2","ses-06A",-0.0110938480753851,0.0073254060302592,Inf,-1.51443456233819,0.284071951557265,"mr_y_smri__thk__dsk__ttmp"
"co_longi1 - co_longi2","ses-06A",0.00420521471753608,0.00725118887159202,Inf,0.579934517222528,0.830860041594891,"mr_y_smri__thk__dsk__ttmp"
"co_longi0 - co_longi1","ses-02A",-0.00556925172069882,0.00171744393781345,Inf,-3.24275605047654,0.00339268382952795,"mr_y_smri__thk__dsk"
"co_longi0 - co_longi2","ses-02A",-0.00484816232572477,0.00328699526169135,Inf,-1.47495263599197,0.302993285668818,"mr_y_smri__thk__dsk"
"co_longi1 - co_longi2","ses-02A",0.000721089394974056,0.00334531414867712,Inf,0.215552071622094,0.974711535491019,"mr_y_smri__thk__dsk"
"co_longi0 - co_longi1","ses-04A",0.00708974488829844,0.00180078906467188,Inf,3.93702129104736,0.000243311094139775,"mr_y_smri__thk__dsk"
"co_longi0 - co_longi2","ses-04A",0.014795770831643,0.0033809203990056,Inf,4.37625530491483,0.0000359133349683294,"mr_y_smri__thk__dsk"
"co_longi1 - co_longi2","ses-04A",0.00770602594334461,0.00341932227404365,Inf,2.25367055976024,0.0625297184213647,"mr_y_smri__thk__dsk"
"co_longi0 - co_longi1","ses-06A",0.0118396713612113,0.00181376935402797,Inf,6.5276609371076,0.000000000200413907691654,"mr_y_smri__thk__dsk"
"co_longi0 - co_longi2","ses-06A",0.018039701118694,0.0033271801851134,Inf,5.42191889679073,0.000000176659241679644,"mr_y_smri__thk__dsk"
"co_longi1 - co_longi2","ses-06A",0.00620002975748276,0.00334227120893064,Inf,1.8550349058796,0.151978908616325,"mr_y_smri__thk__dsk"
