"contrast1","contrast","estimate","SE","df","z.ratio","p.value","region"
"co_longi0 - co_longi1","(ses-04A) - (ses-02A)",-2.90962112854261,1.60401510739248,Inf,-1.81396117476259,0.266638935176543,"mr_y_smri__vol__aseg__ab"
"co_longi0 - co_longi2","(ses-04A) - (ses-02A)",-0.627721074020652,3.04492044125438,Inf,-0.206153522277928,0.996902809894459,"mr_y_smri__vol__aseg__ab"
"co_longi0 - co_longi3","(ses-04A) - (ses-02A)",-5.03224481878246,3.86122401306447,Inf,-1.30327709600785,0.560798352763494,"mr_y_smri__vol__aseg__ab"
"co_longi1 - co_longi2","(ses-04A) - (ses-02A)",2.28190005452195,3.12352365303447,Inf,0.730553153425016,0.884864437199053,"mr_y_smri__vol__aseg__ab"
"co_longi1 - co_longi3","(ses-04A) - (ses-02A)",-2.12262369023985,3.92110028229924,Inf,-0.541333691418673,0.948886126504836,"mr_y_smri__vol__aseg__ab"
"co_longi2 - co_longi3","(ses-04A) - (ses-02A)",-4.4045237447618,4.69822290166121,Inf,-0.937487181207269,0.784656544365528,"mr_y_smri__vol__aseg__ab"
"co_longi0 - co_longi1","(ses-06A) - (ses-04A)",-5.30418412026014,1.59894008221676,Inf,-3.31731262431452,0.00503325896929829,"mr_y_smri__vol__aseg__ab"
"co_longi0 - co_longi2","(ses-06A) - (ses-04A)",-4.64323846144944,3.00614512957749,Inf,-1.54458226775699,0.410771621361483,"mr_y_smri__vol__aseg__ab"
"co_longi0 - co_longi3","(ses-06A) - (ses-04A)",-5.16216923683608,3.78756151014166,Inf,-1.36292683907938,0.52274256747742,"mr_y_smri__vol__aseg__ab"
"co_longi1 - co_longi2","(ses-06A) - (ses-04A)",0.660945658810707,3.08235344764532,Inf,0.214428899877014,0.996519186735897,"mr_y_smri__vol__aseg__ab"
"co_longi1 - co_longi3","(ses-06A) - (ses-04A)",0.142014883424063,3.84635117763847,Inf,0.0369219753645207,0.999981930839867,"mr_y_smri__vol__aseg__ab"
"co_longi2 - co_longi3","(ses-06A) - (ses-04A)",-0.518930775386644,4.61269151343304,Inf,-0.112500646070828,0.999491009049527,"mr_y_smri__vol__aseg__ab"
"co_longi0 - co_longi1","(ses-04A) - (ses-02A)",10.2286909350276,3.27513957577488,Inf,3.12313130429182,0.00968298112164012,"mr_y_smri__vol__aseg__ag"
"co_longi0 - co_longi2","(ses-04A) - (ses-02A)",19.8305267016963,6.20995594861028,Inf,3.19334418243888,0.00767856346346873,"mr_y_smri__vol__aseg__ag"
"co_longi0 - co_longi3","(ses-04A) - (ses-02A)",14.5032860909321,7.8760201460951,Inf,1.8414485770612,0.253870255078121,"mr_y_smri__vol__aseg__ag"
"co_longi1 - co_longi2","(ses-04A) - (ses-02A)",9.60183576666875,6.36909922442874,Inf,1.50756573705758,0.432879741957727,"mr_y_smri__vol__aseg__ag"
"co_longi1 - co_longi3","(ses-04A) - (ses-02A)",4.27459515590458,7.99695548407565,Inf,0.534527816794352,0.950657716710425,"mr_y_smri__vol__aseg__ag"
"co_longi2 - co_longi3","(ses-04A) - (ses-02A)",-5.32724061076417,9.58039284575639,Inf,-0.556056593558568,0.944927708383655,"mr_y_smri__vol__aseg__ag"
"co_longi0 - co_longi1","(ses-06A) - (ses-04A)",-4.87968296451991,3.26111648584821,Inf,-1.49632280407509,0.439680221331796,"mr_y_smri__vol__aseg__ag"
"co_longi0 - co_longi2","(ses-06A) - (ses-04A)",1.29396377380862,6.12815257864567,Inf,0.211150710952858,0.996674669622738,"mr_y_smri__vol__aseg__ag"
"co_longi0 - co_longi3","(ses-06A) - (ses-04A)",3.66869844619458,7.72345919233147,Inf,0.475007163867349,0.96460082190225,"mr_y_smri__vol__aseg__ag"
"co_longi1 - co_longi2","(ses-06A) - (ses-04A)",6.17364673832854,6.28309468733352,Inf,0.98258056667113,0.759405560790823,"mr_y_smri__vol__aseg__ag"
"co_longi1 - co_longi3","(ses-06A) - (ses-04A)",8.54838141071449,7.84243584207397,Inf,1.0900161101546,0.695662792312012,"mr_y_smri__vol__aseg__ag"
"co_longi2 - co_longi3","(ses-06A) - (ses-04A)",2.37473467238595,9.40396020917526,Inf,0.252524959651463,0.994352459281523,"mr_y_smri__vol__aseg__ag"
"co_longi0 - co_longi1","(ses-04A) - (ses-02A)",910.551215895558,38.9662878722048,Inf,23.3676664013219,0,"mr_y_smri__vol__aseg__cbc"
"co_longi0 - co_longi2","(ses-04A) - (ses-02A)",933.272732463702,73.3129716317795,Inf,12.7299809527725,0,"mr_y_smri__vol__aseg__cbc"
"co_longi0 - co_longi3","(ses-04A) - (ses-02A)",1207.5765983216,93.0377757906088,Inf,12.97942247716,0,"mr_y_smri__vol__aseg__cbc"
"co_longi1 - co_longi2","(ses-04A) - (ses-02A)",22.721516568144,75.0550831191627,Inf,0.302731215846763,0.990370441769583,"mr_y_smri__vol__aseg__cbc"
"co_longi1 - co_longi3","(ses-04A) - (ses-02A)",297.025382426041,94.3332291941931,Inf,3.14868244163029,0.00890468682739964,"mr_y_smri__vol__aseg__cbc"
"co_longi2 - co_longi3","(ses-04A) - (ses-02A)",274.303865857897,112.921668882124,Inf,2.4291517170565,0.0716817280510726,"mr_y_smri__vol__aseg__cbc"
"co_longi0 - co_longi1","(ses-06A) - (ses-04A)",243.807909847069,38.531261083473,Inf,6.3275351751112,0.00000000149410317451526,"mr_y_smri__vol__aseg__cbc"
"co_longi0 - co_longi2","(ses-06A) - (ses-04A)",420.708419469331,72.151906560698,Inf,5.83087044436461,0.0000000330462373021589,"mr_y_smri__vol__aseg__cbc"
"co_longi0 - co_longi3","(ses-06A) - (ses-04A)",9.80551867014059,91.0862737412305,Inf,0.107650892581218,0.999553859520426,"mr_y_smri__vol__aseg__cbc"
"co_longi1 - co_longi2","(ses-06A) - (ses-04A)",176.900509622262,73.927574005452,Inf,2.39288941916606,0.0784111173806004,"mr_y_smri__vol__aseg__cbc"
"co_longi1 - co_longi3","(ses-06A) - (ses-04A)",-234.002391176928,92.3976815819442,Inf,-2.53255695565694,0.055042055600692,"mr_y_smri__vol__aseg__cbc"
"co_longi2 - co_longi3","(ses-06A) - (ses-04A)",-410.902900799191,110.737326041804,Inf,-3.71060883883064,0.00118418841056356,"mr_y_smri__vol__aseg__cbc"
"co_longi0 - co_longi1","(ses-04A) - (ses-02A)",184.049482581265,27.4348144289205,Inf,6.70861044305985,0.000000000117904019880655,"mr_y_smri__vol__aseg__cbwm"
"co_longi0 - co_longi2","(ses-04A) - (ses-02A)",180.213041724266,51.9686903541934,Inf,3.46772336374115,0.0029499033436059,"mr_y_smri__vol__aseg__cbwm"
"co_longi0 - co_longi3","(ses-04A) - (ses-02A)",184.29516876768,65.9190407694536,Inf,2.79578050008702,0.0266077884212823,"mr_y_smri__vol__aseg__cbwm"
"co_longi1 - co_longi2","(ses-04A) - (ses-02A)",-3.83644085699965,53.2914615016825,Inf,-0.0719897850217249,0.99986625610596,"mr_y_smri__vol__aseg__cbwm"
"co_longi1 - co_longi3","(ses-04A) - (ses-02A)",0.24568618641425,66.9220899202837,Inf,0.00367122704486526,0.999999982227984,"mr_y_smri__vol__aseg__cbwm"
"co_longi2 - co_longi3","(ses-04A) - (ses-02A)",4.08212704341391,80.1633684550067,Inf,0.0509225987142129,0.999952617868717,"mr_y_smri__vol__aseg__cbwm"
"co_longi0 - co_longi1","(ses-06A) - (ses-04A)",-113.515915718663,27.2925755927654,Inf,-4.15922327787757,0.000187110201466889,"mr_y_smri__vol__aseg__cbwm"
"co_longi0 - co_longi2","(ses-06A) - (ses-04A)",34.6451983783595,51.2658168196571,Inf,0.675795306260982,0.906299723608013,"mr_y_smri__vol__aseg__cbwm"
"co_longi0 - co_longi3","(ses-06A) - (ses-04A)",-18.0871939366903,64.6270852077593,Inf,-0.279870179485036,0.992353566910482,"mr_y_smri__vol__aseg__cbwm"
"co_longi1 - co_longi2","(ses-06A) - (ses-04A)",148.161114097023,52.5588041440313,Inf,2.81895900239671,0.0248657884517264,"mr_y_smri__vol__aseg__cbwm"
"co_longi1 - co_longi3","(ses-06A) - (ses-04A)",95.4287217819729,65.6159401854572,Inf,1.45435273063607,0.465382405833698,"mr_y_smri__vol__aseg__cbwm"
"co_longi2 - co_longi3","(ses-06A) - (ses-04A)",-52.7323923150498,78.6744890013066,Inf,-0.670260372637108,0.908336787512123,"mr_y_smri__vol__aseg__cbwm"
"co_longi0 - co_longi1","(ses-04A) - (ses-02A)",14.2403290206093,3.32325170246454,Inf,4.28505882056679,0.000107506667581636,"mr_y_smri__vol__aseg__cd"
"co_longi0 - co_longi2","(ses-04A) - (ses-02A)",20.4228286269802,6.2517664955965,Inf,3.26672927425636,0.00599173804377451,"mr_y_smri__vol__aseg__cd"
"co_longi0 - co_longi3","(ses-04A) - (ses-02A)",27.0869634203313,7.93382959171585,Inf,3.41410955544273,0.00357853270394981,"mr_y_smri__vol__aseg__cd"
"co_longi1 - co_longi2","(ses-04A) - (ses-02A)",6.18249960637091,6.40009579707097,Inf,0.966001104108528,0.768807599827217,"mr_y_smri__vol__aseg__cd"
"co_longi1 - co_longi3","(ses-04A) - (ses-02A)",12.8466343997221,8.04408222728955,Inf,1.59702922430851,0.380266887545994,"mr_y_smri__vol__aseg__cd"
"co_longi2 - co_longi3","(ses-04A) - (ses-02A)",6.66413479335117,9.62908329240172,Inf,0.692084032403149,0.900165667522372,"mr_y_smri__vol__aseg__cd"
"co_longi0 - co_longi1","(ses-06A) - (ses-04A)",8.78241251415372,3.28581431642617,Inf,2.67282678459626,0.0377281991065602,"mr_y_smri__vol__aseg__cd"
"co_longi0 - co_longi2","(ses-06A) - (ses-04A)",19.9346515793584,6.15251186674173,Inf,3.24008340188956,0.00656079511400831,"mr_y_smri__vol__aseg__cd"
"co_longi0 - co_longi3","(ses-06A) - (ses-04A)",14.7939072904285,7.76724452987385,Inf,1.90465321820746,0.225996603649191,"mr_y_smri__vol__aseg__cd"
"co_longi1 - co_longi2","(ses-06A) - (ses-04A)",11.1522390652047,6.3038437107352,Inf,1.76911731587077,0.288295180053952,"mr_y_smri__vol__aseg__cd"
"co_longi1 - co_longi3","(ses-06A) - (ses-04A)",6.01149477627477,7.87892801713285,Inf,0.762983842878458,0.871096060912472,"mr_y_smri__vol__aseg__cd"
"co_longi2 - co_longi3","(ses-06A) - (ses-04A)",-5.14074428892993,9.44272684735733,Inf,-0.544413109902532,0.94807245901693,"mr_y_smri__vol__aseg__cd"
"co_longi0 - co_longi1","(ses-04A) - (ses-02A)",1975.50930804719,85.5272963468951,Inf,23.0979978606434,0,"mr_y_smri__vol__aseg__cwm"
"co_longi0 - co_longi2","(ses-04A) - (ses-02A)",2326.15416645059,160.622159543718,Inf,14.4821497423428,0,"mr_y_smri__vol__aseg__cwm"
"co_longi0 - co_longi3","(ses-04A) - (ses-02A)",2684.13527068614,203.846119700214,Inf,13.1674582505351,0,"mr_y_smri__vol__aseg__cwm"
"co_longi1 - co_longi2","(ses-04A) - (ses-02A)",350.644858403397,164.345972994536,Inf,2.1335774282407,0.142477549108716,"mr_y_smri__vol__aseg__cwm"
"co_longi1 - co_longi3","(ses-04A) - (ses-02A)",708.625962638947,206.597350243408,Inf,3.42998572732932,0.0033806315054038,"mr_y_smri__vol__aseg__cwm"
"co_longi2 - co_longi3","(ses-04A) - (ses-02A)",357.98110423555,247.274107626658,Inf,1.44770961938336,0.469492566845471,"mr_y_smri__vol__aseg__cwm"
"co_longi0 - co_longi1","(ses-06A) - (ses-04A)",550.765190292716,84.4428024151059,Inf,6.52234618630078,0.000000000415223855299018,"mr_y_smri__vol__aseg__cwm"
"co_longi0 - co_longi2","(ses-06A) - (ses-04A)",1447.85329198134,157.983921976098,Inf,9.16456101273641,0.0000000000000475175454539567,"mr_y_smri__vol__aseg__cwm"
"co_longi0 - co_longi3","(ses-06A) - (ses-04A)",1246.9632080626,199.507547007211,Inf,6.25020570283253,0.00000000245837961099227,"mr_y_smri__vol__aseg__cwm"
"co_longi1 - co_longi2","(ses-06A) - (ses-04A)",897.088101688619,161.838256925945,Inf,5.54311519864622,0.000000177922243937978,"mr_y_smri__vol__aseg__cwm"
"co_longi1 - co_longi3","(ses-06A) - (ses-04A)",696.198017769886,202.32100919175,Inf,3.44105647036419,0.00324863593203317,"mr_y_smri__vol__aseg__cwm"
"co_longi2 - co_longi3","(ses-06A) - (ses-04A)",-200.890083918734,242.456289684082,Inf,-0.828562064446713,0.840938231397048,"mr_y_smri__vol__aseg__cwm"
"co_longi0 - co_longi1","(ses-04A) - (ses-02A)",31.8292256848096,4.34646076413426,Inf,7.32302151383838,0.00000000000148236978247951,"mr_y_smri__vol__aseg__hc"
"co_longi0 - co_longi2","(ses-04A) - (ses-02A)",40.4356627694082,8.20528761198567,Inf,4.92800066025021,0.00000495223888197227,"mr_y_smri__vol__aseg__hc"
"co_longi0 - co_longi3","(ses-04A) - (ses-02A)",57.0095505225396,10.4111552822816,Inf,5.47581406451234,0.000000260699785648022,"mr_y_smri__vol__aseg__hc"
"co_longi1 - co_longi2","(ses-04A) - (ses-02A)",8.60643708459864,8.40796555353353,Inf,1.02360517889868,0.73560101517914,"mr_y_smri__vol__aseg__hc"
"co_longi1 - co_longi3","(ses-04A) - (ses-02A)",25.18032483773,10.5635033722036,Inf,2.38370964163163,0.0801933722954014,"mr_y_smri__vol__aseg__hc"
"co_longi2 - co_longi3","(ses-04A) - (ses-02A)",16.5738877531314,12.6488587446062,Inf,1.31030696822343,0.556299977739627,"mr_y_smri__vol__aseg__hc"
"co_longi0 - co_longi1","(ses-06A) - (ses-04A)",8.21346215038759,4.31054027232068,Inf,1.90543682032825,0.22566414421216,"mr_y_smri__vol__aseg__hc"
"co_longi0 - co_longi2","(ses-06A) - (ses-04A)",32.4232963401594,8.08453169614703,Inf,4.01053487805755,0.000352804485667768,"mr_y_smri__vol__aseg__hc"
"co_longi0 - co_longi3","(ses-06A) - (ses-04A)",13.5995829563579,10.1994448636117,Inf,1.33336501527419,0.541565393015754,"mr_y_smri__vol__aseg__hc"
"co_longi1 - co_longi2","(ses-06A) - (ses-04A)",24.2098341897718,8.28624263257528,Inf,2.92169023564395,0.0182882077107883,"mr_y_smri__vol__aseg__hc"
"co_longi1 - co_longi3","(ses-06A) - (ses-04A)",5.38612080597032,10.3512502814592,Inf,0.520335288928116,0.954234132041569,"mr_y_smri__vol__aseg__hc"
"co_longi2 - co_longi3","(ses-06A) - (ses-04A)",-18.8237133838015,12.4082223862553,Inf,-1.51703546227965,0.427181829716325,"mr_y_smri__vol__aseg__hc"
"co_longi0 - co_longi1","(ses-04A) - (ses-02A)",56.6595204868742,33.5145339492731,Inf,1.69059550619539,0.32859320068045,"mr_y_smri__vol__aseg__lv"
"co_longi0 - co_longi2","(ses-04A) - (ses-02A)",7.84940265543872,63.1951690180928,Inf,0.124208903582352,0.999315690851776,"mr_y_smri__vol__aseg__lv"
"co_longi0 - co_longi3","(ses-04A) - (ses-02A)",8.35930506418087,80.190105459674,Inf,0.104243597339881,0.99959478606564,"mr_y_smri__vol__aseg__lv"
"co_longi1 - co_longi2","(ses-04A) - (ses-02A)",-48.8101178314354,64.7369227469456,Inf,-0.753976490699636,0.874998348856239,"mr_y_smri__vol__aseg__lv"
"co_longi1 - co_longi3","(ses-04A) - (ses-02A)",-48.3002154226933,81.3449725046942,Inf,-0.593770136438439,0.933997982759199,"mr_y_smri__vol__aseg__lv"
"co_longi2 - co_longi3","(ses-04A) - (ses-02A)",0.509902408742143,97.3925134067185,Inf,0.00523554009344385,0.999999948455161,"mr_y_smri__vol__aseg__lv"
"co_longi0 - co_longi1","(ses-06A) - (ses-04A)",48.1929921952774,33.2034320796764,Inf,1.45144610592156,0.467179449360096,"mr_y_smri__vol__aseg__lv"
"co_longi0 - co_longi2","(ses-06A) - (ses-04A)",-80.4319979945692,62.2402990294752,Inf,-1.29228167680362,0.567837979319428,"mr_y_smri__vol__aseg__lv"
"co_longi0 - co_longi3","(ses-06A) - (ses-04A)",-18.0021028890987,78.5409798970138,Inf,-0.229206497203165,0.995759197069614,"mr_y_smri__vol__aseg__lv"
"co_longi1 - co_longi2","(ses-06A) - (ses-04A)",-128.624990189847,63.7863637060829,Inf,-2.01649667290221,0.181805942283189,"mr_y_smri__vol__aseg__lv"
"co_longi1 - co_longi3","(ses-06A) - (ses-04A)",-66.1950950843761,79.6973702533232,Inf,-0.830580668772016,0.839962812419435,"mr_y_smri__vol__aseg__lv"
"co_longi2 - co_longi3","(ses-06A) - (ses-04A)",62.4298951054705,95.5277329207133,Inf,0.653526396960414,0.914348651189526,"mr_y_smri__vol__aseg__lv"
"co_longi0 - co_longi1","(ses-04A) - (ses-02A)",-0.0887209376427931,3.54775562603182,Inf,-0.02500762369082,0.999994384083835,"mr_y_smri__vol__aseg__pl"
"co_longi0 - co_longi2","(ses-04A) - (ses-02A)",9.36999519170975,6.73769273385311,Inf,1.39068306641987,0.505169207236587,"mr_y_smri__vol__aseg__pl"
"co_longi0 - co_longi3","(ses-04A) - (ses-02A)",6.66688779018731,8.54342985476545,Inf,0.780352610546522,0.863404426651706,"mr_y_smri__vol__aseg__pl"
"co_longi1 - co_longi2","(ses-04A) - (ses-02A)",9.45871612935254,6.912049547927,Inf,1.36843870457921,0.519244133130977,"mr_y_smri__vol__aseg__pl"
"co_longi1 - co_longi3","(ses-04A) - (ses-02A)",6.75560872783011,8.67636057717176,Inf,0.778622403684407,0.864180401170237,"mr_y_smri__vol__aseg__pl"
"co_longi2 - co_longi3","(ses-04A) - (ses-02A)",-2.70310740152244,10.3965517887405,Inf,-0.260000378630337,0.99384472148254,"mr_y_smri__vol__aseg__pl"
"co_longi0 - co_longi1","(ses-06A) - (ses-04A)",-9.64479863329659,3.53803379426379,Inf,-2.72603349604339,0.0325039386156223,"mr_y_smri__vol__aseg__pl"
"co_longi0 - co_longi2","(ses-06A) - (ses-04A)",-1.75198251174895,6.65301862071415,Inf,-0.263336481021436,0.993608893117437,"mr_y_smri__vol__aseg__pl"
"co_longi0 - co_longi3","(ses-06A) - (ses-04A)",-3.9605895662511,8.3814161685972,Inf,-0.472544196181346,0.965118656156155,"mr_y_smri__vol__aseg__pl"
"co_longi1 - co_longi2","(ses-06A) - (ses-04A)",7.89281612154764,6.8218290844194,Inf,1.15699411754163,0.654039855866418,"mr_y_smri__vol__aseg__pl"
"co_longi1 - co_longi3","(ses-06A) - (ses-04A)",5.68420906704549,8.51185699550828,Inf,0.667798938591785,0.909234947821055,"mr_y_smri__vol__aseg__pl"
"co_longi2 - co_longi3","(ses-06A) - (ses-04A)",-2.20860705450215,10.2081644413693,Inf,-0.216356923635714,0.996425556760619,"mr_y_smri__vol__aseg__pl"
"co_longi0 - co_longi1","(ses-04A) - (ses-02A)",28.6977612187843,4.72363071244036,Inf,6.07536087510072,0.00000000741761152500686,"mr_y_smri__vol__aseg__pt"
"co_longi0 - co_longi2","(ses-04A) - (ses-02A)",55.2364419264575,8.89672985655831,Inf,6.20862303532116,0.0000000032054743304144,"mr_y_smri__vol__aseg__pt"
"co_longi0 - co_longi3","(ses-04A) - (ses-02A)",49.9564163678506,11.2899420141657,Inf,4.42486031417783,0.000057014039794967,"mr_y_smri__vol__aseg__pt"
"co_longi1 - co_longi2","(ses-04A) - (ses-02A)",26.5386807076731,9.11094455384683,Inf,2.912835277487,0.0187875674319113,"mr_y_smri__vol__aseg__pt"
"co_longi1 - co_longi3","(ses-04A) - (ses-02A)",21.2586551490663,11.4498149984115,Inf,1.85668110375719,0.24696220050557,"mr_y_smri__vol__aseg__pt"
"co_longi2 - co_longi3","(ses-04A) - (ses-02A)",-5.28002555860686,13.7072160773197,Inf,-0.385200432299547,0.9805757260552,"mr_y_smri__vol__aseg__pt"
"co_longi0 - co_longi1","(ses-06A) - (ses-04A)",-1.77298867490441,4.67515246855583,Inf,-0.379236546150994,0.981432698570068,"mr_y_smri__vol__aseg__pt"
"co_longi0 - co_longi2","(ses-06A) - (ses-04A)",14.0993060284631,8.75893301469838,Inf,1.609705885957,0.373050868181283,"mr_y_smri__vol__aseg__pt"
"co_longi0 - co_longi3","(ses-06A) - (ses-04A)",2.42202954128028,11.0553209579802,Inf,0.219082697868845,0.996290394807391,"mr_y_smri__vol__aseg__pt"
"co_longi1 - co_longi2","(ses-06A) - (ses-04A)",15.8722947033675,8.97549523857659,Inf,1.76840322249278,0.288648188109184,"mr_y_smri__vol__aseg__pt"
"co_longi1 - co_longi3","(ses-06A) - (ses-04A)",4.19501821618469,11.2162693173391,Inf,0.374011901595451,0.982163562689742,"mr_y_smri__vol__aseg__pt"
"co_longi2 - co_longi3","(ses-06A) - (ses-04A)",-11.6772764871828,13.4432961328327,Inf,-0.868631946495862,0.821077453917462,"mr_y_smri__vol__aseg__pt"
"co_longi0 - co_longi1","(ses-04A) - (ses-02A)",27.0575020448815,9.21297861361104,Inf,2.93688970523684,0.0174583143951645,"mr_y_smri__vol__aseg__th"
"co_longi0 - co_longi2","(ses-04A) - (ses-02A)",50.5876720184636,17.4326734725451,Inf,2.90188834765561,0.0194214815523601,"mr_y_smri__vol__aseg__th"
"co_longi0 - co_longi3","(ses-04A) - (ses-02A)",40.7136916688814,22.1148542149857,Inf,1.84101108119866,0.254070437556532,"mr_y_smri__vol__aseg__th"
"co_longi1 - co_longi2","(ses-04A) - (ses-02A)",23.5301699735822,17.8725801595952,Inf,1.31655137442198,0.552306277585901,"mr_y_smri__vol__aseg__th"
"co_longi1 - co_longi3","(ses-04A) - (ses-02A)",13.656189624,22.4475667976985,Inf,0.608359460384816,0.929464163631188,"mr_y_smri__vol__aseg__th"
"co_longi2 - co_longi3","(ses-04A) - (ses-02A)",-9.87398034958221,26.8856018977621,Inf,-0.367259040252474,0.983080967034987,"mr_y_smri__vol__aseg__th"
"co_longi0 - co_longi1","(ses-06A) - (ses-04A)",-20.314904839503,9.15593097532619,Inf,-2.21876998573367,0.118112533348724,"mr_y_smri__vol__aseg__th"
"co_longi0 - co_longi2","(ses-06A) - (ses-04A)",10.8259129681894,17.1900811900905,Inf,0.629776721149528,0.922499665998499,"mr_y_smri__vol__aseg__th"
"co_longi0 - co_longi3","(ses-06A) - (ses-04A)",5.93901582776304,21.675940835673,Inf,0.273991144042474,0.992816673356024,"mr_y_smri__vol__aseg__th"
"co_longi1 - co_longi2","(ses-06A) - (ses-04A)",31.1408178076924,17.6222851754232,Inf,1.76712710625763,0.289279658640989,"mr_y_smri__vol__aseg__th"
"co_longi1 - co_longi3","(ses-06A) - (ses-04A)",26.253920667266,22.0048832560345,Inf,1.19309520354153,0.631216119025206,"mr_y_smri__vol__aseg__th"
"co_longi2 - co_longi3","(ses-06A) - (ses-04A)",-4.88689714042636,26.3819086736382,Inf,-0.18523667869829,0.997746250221238,"mr_y_smri__vol__aseg__th"
"co_longi0 - co_longi1","(ses-04A) - (ses-02A)",50.556169518408,3.85724578374898,Inf,13.1068053094794,0,"mr_y_smri__vol__aseg__vdc"
"co_longi0 - co_longi2","(ses-04A) - (ses-02A)",48.9958899575105,7.27990357841754,Inf,6.73029380536946,0.000000000101608055302904,"mr_y_smri__vol__aseg__vdc"
"co_longi0 - co_longi3","(ses-04A) - (ses-02A)",58.2459185890975,9.23715488462789,Inf,6.30561242250339,0.00000000172167236023313,"mr_y_smri__vol__aseg__vdc"
"co_longi1 - co_longi2","(ses-04A) - (ses-02A)",-1.56027956089749,7.45925873936724,Inf,-0.20917354061777,0.996766206658726,"mr_y_smri__vol__aseg__vdc"
"co_longi1 - co_longi3","(ses-04A) - (ses-02A)",7.68974907068946,9.3718731970552,Inf,0.820513563190943,0.844800185385189,"mr_y_smri__vol__aseg__vdc"
"co_longi2 - co_longi3","(ses-04A) - (ses-02A)",9.25002863158695,11.2217082917456,Inf,0.824297726433596,0.842989845546504,"mr_y_smri__vol__aseg__vdc"
"co_longi0 - co_longi1","(ses-06A) - (ses-04A)",20.9576658900978,3.82451324932132,Inf,5.47982567293152,0.000000254862131843225,"mr_y_smri__vol__aseg__vdc"
"co_longi0 - co_longi2","(ses-06A) - (ses-04A)",42.8113039547373,7.17214354885688,Inf,5.96910863023102,0.0000000143011963382733,"mr_y_smri__vol__aseg__vdc"
"co_longi0 - co_longi3","(ses-06A) - (ses-04A)",19.6225839855952,9.04885007872943,Inf,2.16851686290181,0.132065714466792,"mr_y_smri__vol__aseg__vdc"
"co_longi1 - co_longi2","(ses-06A) - (ses-04A)",21.8536380646396,7.35092470754699,Inf,2.97291006697471,0.015623115587008,"mr_y_smri__vol__aseg__vdc"
"co_longi1 - co_longi3","(ses-06A) - (ses-04A)",-1.33508190450259,9.18322327205942,Inf,-0.145382712033656,0.998905025070451,"mr_y_smri__vol__aseg__vdc"
"co_longi2 - co_longi3","(ses-06A) - (ses-04A)",-23.1887199691421,11.0079109912586,Inf,-2.10655046062385,0.150942046756593,"mr_y_smri__vol__aseg__vdc"
