"contrast","estimate","SE","df","z.ratio","p.value","region"
"co_longi0 - co_longi1",0.00416923061328427,0.000712606532407312,Inf,5.85067694959217,0.0000000146793516231369,"mr_y_smri__thk__dsk__bstmps"
"co_longi0 - co_longi2",0.00557608807614434,0.00131776721882918,Inf,4.23146667823369,0.0000689049295574673,"mr_y_smri__thk__dsk__bstmps"
"co_longi1 - co_longi2",0.00140685746286007,0.00134161478038187,Inf,1.04862996698622,0.546147925259423,"mr_y_smri__thk__dsk__bstmps"
"co_longi0 - co_longi1",0.00195309321708891,0.000860250985821638,Inf,2.27037602894868,0.0600265250983141,"mr_y_smri__thk__dsk__cac"
"co_longi0 - co_longi2",0.003571872938878,0.00159125914140687,Inf,2.2446833742743,0.0639115962722405,"mr_y_smri__thk__dsk__cac"
"co_longi1 - co_longi2",0.00161877972178908,0.00162016591607801,Inf,0.999144412140037,0.57738893211407,"mr_y_smri__thk__dsk__cac"
"co_longi0 - co_longi1",0.00541318302400751,0.000536320138433617,Inf,10.0931936656664,0.000000000000031863400806742,"mr_y_smri__thk__dsk__cmfrt"
"co_longi0 - co_longi2",0.0070328104806379,0.000986574645767727,Inf,7.12851329679687,0.00000000000306576986019991,"mr_y_smri__thk__dsk__cmfrt"
"co_longi1 - co_longi2",0.00161962745663039,0.00100311027087989,Inf,1.61460559586306,0.239397552698033,"mr_y_smri__thk__dsk__cmfrt"
"co_longi0 - co_longi1",0.00247577582553728,0.000513070477080763,Inf,4.82541080832364,0.00000417492799298369,"mr_y_smri__thk__dsk__cn"
"co_longi0 - co_longi2",0.0036240676335732,0.000940356872132953,Inf,3.85392795115428,0.000342036252798938,"mr_y_smri__thk__dsk__cn"
"co_longi1 - co_longi2",0.00114829180803592,0.00095515025774592,Inf,1.20221064562742,0.45182896644988,"mr_y_smri__thk__dsk__cn"
"co_longi0 - co_longi1",0.00516674282066095,0.00128636063567735,Inf,4.01655855858831,0.000174506059457014,"mr_y_smri__thk__dsk__er"
"co_longi0 - co_longi2",0.00893197194036602,0.00237894554650466,Inf,3.75459285038685,0.000509335920317433,"mr_y_smri__thk__dsk__er"
"co_longi1 - co_longi2",0.00376522911970507,0.00242203986856742,Inf,1.55456942248111,0.265592679181894,"mr_y_smri__thk__dsk__er"
"co_longi0 - co_longi1",0.0053512986228275,0.000466672220664145,Inf,11.4669320046773,0,"mr_y_smri__thk__dsk__ff"
"co_longi0 - co_longi2",0.00533854577682587,0.000857973577690755,Inf,6.22227294131205,0.00000000146967626957206,"mr_y_smri__thk__dsk__ff"
"co_longi1 - co_longi2",-0.000012752846001628,0.00087222265114164,Inf,-0.0146210901367168,0.999882145960032,"mr_y_smri__thk__dsk__ff"
"co_longi0 - co_longi1",0.00509025740837997,0.000604710115071953,Inf,8.41768192975288,0.0000000000000304201108747293,"mr_y_smri__thk__dsk__ic"
"co_longi0 - co_longi2",0.00579526214397638,0.00111161765035732,Inf,5.21335923562705,0.000000555278292457828,"mr_y_smri__thk__dsk__ic"
"co_longi1 - co_longi2",0.000705004735596413,0.00113004147320091,Inf,0.623875098671772,0.807015300044229,"mr_y_smri__thk__dsk__ic"
"co_longi0 - co_longi1",0.00376456765512064,0.000671226445489936,Inf,5.6084912631427,0.0000000611748190992856,"mr_y_smri__thk__dsk__ins"
"co_longi0 - co_longi2",0.00408349518966286,0.00124387862729056,Inf,3.2828727016217,0.00295190212253793,"mr_y_smri__thk__dsk__ins"
"co_longi1 - co_longi2",0.00031892753454222,0.00126699579769216,Inf,0.251719488827941,0.965673963341201,"mr_y_smri__thk__dsk__ins"
"co_longi0 - co_longi1",0.00423928486502782,0.000430820721803193,Inf,9.84002080328069,0.0000000000000298649993624167,"mr_y_smri__thk__dsk__iprt"
"co_longi0 - co_longi2",0.00422535524491641,0.000790386451985537,Inf,5.34593581949926,0.000000269448681922135,"mr_y_smri__thk__dsk__iprt"
"co_longi1 - co_longi2",-0.0000139296201114047,0.000803044912046264,Inf,-0.0173460038192761,0.999834127903935,"mr_y_smri__thk__dsk__iprt"
"co_longi0 - co_longi1",0.00508685471626376,0.000530358967365536,Inf,9.59134290032242,0.0000000000000229816166097407,"mr_y_smri__thk__dsk__itmp"
"co_longi0 - co_longi2",0.00674419605626398,0.000974788623114777,Inf,6.9186240958722,0.0000000000137045930159729,"mr_y_smri__thk__dsk__itmp"
"co_longi1 - co_longi2",0.00165734134000022,0.000990902895916542,Inf,1.67255676295834,0.215775372873029,"mr_y_smri__thk__dsk__itmp"
"co_longi0 - co_longi1",0.00237838572947732,0.000439002452381045,Inf,5.41770488200583,0.000000180870801336219,"mr_y_smri__thk__dsk__lg"
"co_longi0 - co_longi2",0.00264160323320899,0.000803202856492523,Inf,3.28883695053639,0.00289105301793546,"mr_y_smri__thk__dsk__lg"
"co_longi1 - co_longi2",0.000263217503731669,0.000815424186735705,Inf,0.322798253980394,0.944183140233355,"mr_y_smri__thk__dsk__lg"
"co_longi0 - co_longi1",0.00447600548685296,0.000539205092896178,Inf,8.30111871312535,0.0000000000000329736238313671,"mr_y_smri__thk__dsk__lobfrt"
"co_longi0 - co_longi2",0.00437294701975521,0.000994916885175094,Inf,4.39528877729885,0.000032914729293787,"mr_y_smri__thk__dsk__lobfrt"
"co_longi1 - co_longi2",-0.000103058467097742,0.00101238624527138,Inf,-0.101797577336816,0.994303132428047,"mr_y_smri__thk__dsk__lobfrt"
"co_longi0 - co_longi1",0.00460736677193773,0.000399894431359608,Inf,11.5214576914039,0,"mr_y_smri__thk__dsk__locc"
"co_longi0 - co_longi2",0.0053711062645308,0.000730959910677152,Inf,7.34801756714,0.000000000000624278406746726,"mr_y_smri__thk__dsk__locc"
"co_longi1 - co_longi2",0.000763739492593072,0.000741873040400706,Inf,1.02947465536766,0.558211736615344,"mr_y_smri__thk__dsk__locc"
"co_longi0 - co_longi1",0.00322832618342271,0.000579940429270058,Inf,5.56665136708273,0.0000000778288080649503,"mr_y_smri__thk__dsk__mobfrt"
"co_longi0 - co_longi2",0.00325357617425366,0.00107365933965666,Inf,3.0303617302804,0.00689956173292761,"mr_y_smri__thk__dsk__mobfrt"
"co_longi1 - co_longi2",0.000025249990830951,0.00109337465054797,Inf,0.023093631097352,0.999706011145173,"mr_y_smri__thk__dsk__mobfrt"
"co_longi0 - co_longi1",0.00624935365236125,0.00056292539508785,Inf,11.1015664009721,0.0000000000000126565424807268,"mr_y_smri__thk__dsk__mtmp"
"co_longi0 - co_longi2",0.00907483726718112,0.00103357880253499,Inf,8.78001488123006,0.0000000000000235367281220533,"mr_y_smri__thk__dsk__mtmp"
"co_longi1 - co_longi2",0.00282548361481988,0.00105036825441873,Inf,2.68999334560382,0.0195627209715786,"mr_y_smri__thk__dsk__mtmp"
"co_longi0 - co_longi1",0.0059940613270201,0.000544241540875665,Inf,11.0136049471267,0.0000000000000206501482580279,"mr_y_smri__thk__dsk__pactr"
"co_longi0 - co_longi2",0.00867199869029285,0.000999005849233832,Inf,8.68062854381049,0.0000000000000248689957516035,"mr_y_smri__thk__dsk__pactr"
"co_longi1 - co_longi2",0.00267793736327275,0.00101515815768582,Inf,2.6379508877488,0.0227040620055564,"mr_y_smri__thk__dsk__pactr"
"co_longi0 - co_longi1",0.00389167043068956,0.000546118308600768,Inf,7.12605743004765,0.00000000000312061487761639,"mr_y_smri__thk__dsk__pcg"
"co_longi0 - co_longi2",0.00409866781882541,0.00100869117989382,Inf,4.06335249135107,0.000143093494126889,"mr_y_smri__thk__dsk__pcg"
"co_longi1 - co_longi2",0.000206997388135852,0.00102665548325722,Inf,0.201623028865654,0.977838639628883,"mr_y_smri__thk__dsk__pcg"
"co_longi0 - co_longi1",0.00364239338483152,0.00111604579245583,Inf,3.26365943893442,0.00315600027498886,"mr_y_smri__thk__dsk__pfrt"
"co_longi0 - co_longi2",0.00711939698725685,0.00206930330077678,Inf,3.44048017735454,0.00168213906306369,"mr_y_smri__thk__dsk__pfrt"
"co_longi1 - co_longi2",0.00347700360242532,0.00210800665015464,Inf,1.64942724548343,0.225007057721728,"mr_y_smri__thk__dsk__pfrt"
"co_longi0 - co_longi1",0.00666188545065045,0.000875273314298175,Inf,7.61120594198874,0.0000000000000998090499138016,"mr_y_smri__thk__dsk__ph"
"co_longi0 - co_longi2",0.00724816635021549,0.00160431069897416,Inf,4.51793181635586,0.0000186083215385491,"mr_y_smri__thk__dsk__ph"
"co_longi1 - co_longi2",0.00058628089956504,0.00162958049103834,Inf,0.359774127629298,0.931142360638467,"mr_y_smri__thk__dsk__ph"
"co_longi0 - co_longi1",0.00573764714400616,0.000757677298951277,Inf,7.57267922893798,0.000000000000128896893158981,"mr_y_smri__thk__dsk__pob"
"co_longi0 - co_longi2",0.00806258275889158,0.00139914642985245,Inf,5.76250104125401,0.0000000248467948438247,"mr_y_smri__thk__dsk__pob"
"co_longi1 - co_longi2",0.00232493561488541,0.00142399121888433,Inf,1.63268957283806,0.231850313521675,"mr_y_smri__thk__dsk__pob"
"co_longi0 - co_longi1",0.00306206863799893,0.000469601721625661,Inf,6.52056518745013,0.0000000002101272489341,"mr_y_smri__thk__dsk__poctr"
"co_longi0 - co_longi2",0.00513503725487068,0.00085897230109707,Inf,5.97811739483598,0.00000000676915012931545,"mr_y_smri__thk__dsk__poctr"
"co_longi1 - co_longi2",0.00207296861687175,0.000871977419756149,Inf,2.37731914830026,0.0458950852952247,"mr_y_smri__thk__dsk__poctr"
"co_longi0 - co_longi1",0.00555096471935238,0.000546418071872031,Inf,10.1588234450862,0.0000000000000285327317328665,"mr_y_smri__thk__dsk__pop"
"co_longi0 - co_longi2",0.00596665169155298,0.00100774496567992,Inf,5.92079533488643,0.00000000960717949638479,"mr_y_smri__thk__dsk__pop"
"co_longi1 - co_longi2",0.000415686972200597,0.0010253178361208,Inf,0.405422550507178,0.913392940146864,"mr_y_smri__thk__dsk__pop"
"co_longi0 - co_longi1",0.00465513429782966,0.000374564181625301,Inf,12.4281352200581,0,"mr_y_smri__thk__dsk__prcn"
"co_longi0 - co_longi2",0.00534716891769003,0.00068454981898225,Inf,7.81121953350291,0.0000000000000343058914609173,"mr_y_smri__thk__dsk__prcn"
"co_longi1 - co_longi2",0.000692034619860375,0.000694736638872124,Inf,0.996110729072623,0.579311019861705,"mr_y_smri__thk__dsk__prcn"
"co_longi0 - co_longi1",0.00537824113470688,0.00054062475931404,Inf,9.94819612318707,0.0000000000000253130849614536,"mr_y_smri__thk__dsk__prctr"
"co_longi0 - co_longi2",0.00671186890182295,0.00099297668045601,Inf,6.75934192003444,0.0000000000416070511377598,"mr_y_smri__thk__dsk__prctr"
"co_longi1 - co_longi2",0.00133362776711607,0.00100920297954796,Inf,1.32146633942106,0.383162640269292,"mr_y_smri__thk__dsk__prctr"
"co_longi0 - co_longi1",0.0047688130448227,0.00055270778193011,Inf,8.62809101071373,0.0000000000000260902410786912,"mr_y_smri__thk__dsk__ptg"
"co_longi0 - co_longi2",0.00707272879660372,0.00101828769459348,Inf,6.94570781337711,0.0000000000113199449813806,"mr_y_smri__thk__dsk__ptg"
"co_longi1 - co_longi2",0.00230391575178102,0.00103577187917975,Inf,2.22434669070716,0.0671314746466511,"mr_y_smri__thk__dsk__ptg"
"co_longi0 - co_longi1",0.00633462742540249,0.00137300859378241,Inf,4.61368374101115,0.000011800158922104,"mr_y_smri__thk__dsk__ptmp"
"co_longi0 - co_longi2",0.00850070707644995,0.00255162287065235,Inf,3.33149039155487,0.00248835621926791,"mr_y_smri__thk__dsk__ptmp"
"co_longi1 - co_longi2",0.00216607965104746,0.00260059145746613,Inf,0.832918082857184,0.682542908512054,"mr_y_smri__thk__dsk__ptmp"
"co_longi0 - co_longi1",0.00251823328341364,0.000891567078563427,Inf,2.82450232176724,0.0131429165195535,"mr_y_smri__thk__dsk__rac"
"co_longi0 - co_longi2",0.00300741900122638,0.0016583040756893,Inf,1.81355099183261,0.165096569334515,"mr_y_smri__thk__dsk__rac"
"co_longi1 - co_longi2",0.000489185717812743,0.00169040991336731,Inf,0.289388812704182,0.954885956287699,"mr_y_smri__thk__dsk__rac"
"co_longi0 - co_longi1",0.00370895600213522,0.000452148165324354,Inf,8.20296594474637,0.0000000000000354161144855425,"mr_y_smri__thk__dsk__rmfrt"
"co_longi0 - co_longi2",0.00528944447631669,0.000830778929559118,Inf,6.36684957708751,0.000000000578772918480297,"mr_y_smri__thk__dsk__rmfrt"
"co_longi1 - co_longi2",0.00158048847418146,0.000844440768634914,Inf,1.87163923496542,0.146950154993379,"mr_y_smri__thk__dsk__rmfrt"
"co_longi0 - co_longi1",0.00579771101522997,0.000418453903999224,Inf,13.855076890956,0,"mr_y_smri__thk__dsk__sfrt"
"co_longi0 - co_longi2",0.00826147074554216,0.000763650855232134,Inf,10.8183873414649,0.0000000000000306421554796543,"mr_y_smri__thk__dsk__sfrt"
"co_longi1 - co_longi2",0.00246375973031219,0.000774671140292477,Inf,3.18039436628812,0.00419860912708125,"mr_y_smri__thk__dsk__sfrt"
"co_longi0 - co_longi1",0.00440014881036275,0.000486405375574846,Inf,9.04625859688031,0.0000000000000401900734914307,"mr_y_smri__thk__dsk__sm"
"co_longi0 - co_longi2",0.00570903204651535,0.000893602549738351,Inf,6.38878218083304,0.000000000501575891931338,"mr_y_smri__thk__dsk__sm"
"co_longi1 - co_longi2",0.0013088832361526,0.000908263985795336,Inf,1.44108239082766,0.319799444088251,"mr_y_smri__thk__dsk__sm"
"co_longi0 - co_longi1",0.00285087456169726,0.000394269713268585,Inf,7.23077240212763,0.00000000000146194167882641,"mr_y_smri__thk__dsk__sprt"
"co_longi0 - co_longi2",0.00398831759587696,0.000720964356959099,Inf,5.53192062461864,0.0000000949241756309505,"mr_y_smri__thk__dsk__sprt"
"co_longi1 - co_longi2",0.0011374430341797,0.000731815182145727,Inf,1.55427635546539,0.265724823603914,"mr_y_smri__thk__dsk__sprt"
"co_longi0 - co_longi1",0.00635007124494149,0.000499592843794374,Inf,12.7104928019247,0,"mr_y_smri__thk__dsk__stmp"
"co_longi0 - co_longi2",0.00972047815140019,0.000913478613792593,Inf,10.6411666399529,0.000000000000028643754035329,"mr_y_smri__thk__dsk__stmp"
"co_longi1 - co_longi2",0.00337040690645869,0.000927202485794224,Inf,3.63502790177667,0.000811941514763048,"mr_y_smri__thk__dsk__stmp"
"co_longi0 - co_longi1",0.00569186996133563,0.000801323328484519,Inf,7.10308780364628,0.00000000000368194363886687,"mr_y_smri__thk__dsk__ttmp"
"co_longi0 - co_longi2",0.00814987451071738,0.00147724723748966,Inf,5.51693332293296,0.000000103379005467197,"mr_y_smri__thk__dsk__ttmp"
"co_longi1 - co_longi2",0.00245800454938176,0.00150285032263478,Inf,1.63556178041231,0.230666288033806,"mr_y_smri__thk__dsk__ttmp"
"co_longi0 - co_longi1",0.00447189012133206,0.000223887459182267,Inf,19.9738303237944,0,"mr_y_smri__thk__dsk"
"co_longi0 - co_longi2",0.0057839046839025,0.000405856087713204,Inf,14.2511221563582,0,"mr_y_smri__thk__dsk"
"co_longi1 - co_longi2",0.00131201456257044,0.000410824149698227,Inf,3.19361596326356,0.00401442042139721,"mr_y_smri__thk__dsk"
